Reference,Shodhan,Solvent,Extracts,190,191,192,193,194,195,196,197,198,199,200,201,202,203,204,205,206,207,208,209,210,211,212,213,214,215,216,217,218,219,220,221,222,223,224,225,226,227,228,229,230,231,232,233,234,235,236,237,238,239,240,241,242,243,244,245,246,247,248,249,250,251,252,253,254,255,256,257,258,259,260,261,262,263,264,265,266,267,268,269,270,271,272,273,274,275,276,277,278,279,280,281,282,283,284,285,286,287,288,289,290,291,292,293,294,295,296,297,298,299,300,301,302,303,304,305,306,307,308,309,310,311,312,313,314,315,316,317,318,319,320,321,322,323,324,325,326,327,328,329,330,331,332,333,334,335,336,337,338,339,340,341,342,343,344,345,346,347,348,349,350,351,352,353,354,355,356,357,358,359,360,361,362,363,364,365,366,367,368,369,370,371,372,373,374,375,376,377,378,379,380,381,382,383,384,385,386,387,388,389,390,391,392,393,394,395,396,397,398,399,400
KMR,Ashodhit,Water,WABD2,-0.8667688,-0.9098862,-0.6685044,-0.4898322,-0.2573032,-0.3131687,-0.4541771,-0.1719802,-0.3516649,-0.1388816,-0.2279359,-0.239585,-0.2237719,-0.07273453,-0.2293027,-0.1402079,-0.2465055,-0.2074964,-0.2789951,-0.1939508,-0.1968986,-0.2651881,-0.1562809,-0.1471392,-0.1982123,-0.1884217,-0.2531129,-0.3245367,-0.2406144,-0.2332338,-0.203289,-0.2365345,-0.232369,-0.2481961,-0.2495767,-0.2391354,-0.2798603,-0.281267,-0.2622152,-0.286975,-0.2913373,-0.303821,-0.3087093,-0.3110225,-0.3116007,-0.3159261,-0.3266784,-0.3371901,-0.3393169,-0.363302,-0.3564455,-0.366652,-0.382104,-0.3688906,-0.3743575,-0.3919893,-0.4255037,-0.414817,-0.4211445,-0.4009864,-0.4209929,-0.4126522,-0.4289733,-0.4363716,-0.4335984,-0.4663313,-0.4566789,-0.4748872,-0.4527547,-0.4695816,-0.4588205,-0.4764927,-0.491628,-0.4734996,-0.5232918,-0.5224026,-0.5637598,-0.5408865,-0.4837612,-0.4897804,-0.5359042,-0.4911808,-0.4484491,-0.4522908,-0.4518331,-0.5282528,-0.4797532,-0.4151405,-0.4185767,-0.3905363,-0.5433852,-0.4619057,-0.3447667,-0.2953734,-0.2689186,-0.2473643,-0.3051378,-0.3181678,-0.1916928,-0.2863061,-0.1684007,-0.1082489,-0.1137696,-0.07636059,-0.07631378,0.03053176,0.03593055,-0.03158031,0.103336,0.1935418,0.2540514,0.1311758,0.2249499,0.3489513,0.2499245,0.4307437,0.2982705,0.4783738,0.4701023,0.3404394,0.5241455,0.5630758,0.5155941,0.5265727,0.6448816,0.6869647,0.7508304,0.777897,0.6788584,1.060892,0.9485656,0.9626229,1.119165,0.9681114,0.9577004,0.8928906,1.202484,1.003224,1.312054,1.288648,1.342347,1.654221,1.626609,1.672696,1.711364,1.450737,1.749715,1.763384,1.894053,1.593518,1.735476,1.88534,1.795561,1.985563,2.037436,1.956898,1.997712,1.797451,1.885796,1.671364,1.416272,1.412756,1.306867,1.145898,1.107837,1.010259,0.9477666,0.8748061,0.8043891,0.7581823,0.7070487,0.6465007,0.5830323,0.5208238,0.479471,0.4189727,0.3666227,0.3232064,0.2798344,0.2412671,0.2027306,0.1682413,0.1383385,0.1095065,0.08144356,0.05694133,0.03519559,0.01471658,-0.004169777,-0.02164782,-0.03769543,-0.05346252,-0.06698842,-0.0796426,-0.09220027,-0.1034679,-0.1140259,-0.1235249,-0.1324082,-0.1409198,-0.1479936,-0.1550826,-0.161383,-0.1673275,-0.1730764,-0.1779341,-0.1823663,-0.1867608,-0.1904673,-0.1935251,-0.1967686
Kupilu,Ashodhit,Water,WAKBD2,-2.262541,-0.462727,-0.2460919,-0.3483275,-0.6240133,-0.4475388,-0.5426931,-0.3858366,-0.2406977,-0.3882462,-0.2631436,-0.3885022,-0.291256,-0.3173793,-0.3496608,-0.1690115,-0.2411231,-0.2571832,-0.218483,-0.1882396,-0.1682383,-0.2832502,-0.3559602,-0.2233471,-0.2777645,-0.2420822,-0.2373634,-0.2134067,-0.225983,-0.228965,-0.2391068,-0.2360684,-0.274095,-0.2540652,-0.263168,-0.3400995,-0.2759517,-0.291855,-0.4040141,-0.329699,-0.2942973,-0.3233064,-0.3320553,-0.3137691,-0.3287962,-0.3267675,-0.3496293,-0.3739585,-0.3675554,-0.3781098,-0.3780361,-0.3760465,-0.3718935,-0.3708415,-0.3729973,-0.3791086,-0.3790893,-0.3834375,-0.424105,-0.3899316,-0.4588348,-0.5009012,-0.4276147,-0.4054333,-0.4718936,-0.4353911,-0.4425626,-0.480652,-0.491462,-0.493929,-0.4873357,-0.4520757,-0.467379,-0.4565123,-0.4818886,-0.5043045,-0.4226437,-0.4515104,-0.4470349,-0.4366073,-0.4764608,-0.4533274,-0.4750899,-0.4017577,-0.4876522,-0.439735,-0.3659975,-0.3628201,-0.4199794,-0.4767607,-0.3833684,-0.505228,-0.3900348,-0.4188423,-0.3368896,-0.3456387,-0.4067654,-0.2978549,-0.3278442,-0.3027816,-0.2763907,-0.2618795,-0.2138853,-0.1636572,-0.1616792,-0.1318163,-0.09556701,-0.0339971,-0.02811823,0.02883786,0.113923,0.1263291,0.1448201,0.2180985,0.208656,0.2231612,0.3625001,0.1111129,0.4384238,0.2215249,0.1001948,0.42903,0.5170402,0.6733307,0.6545993,0.4854898,0.5503139,0.86652,0.9130764,0.8513246,0.702365,0.9747111,1.1604,0.9485065,1.231217,1.066309,1.345513,1.237813,1.457101,1.255414,1.311246,1.115721,1.274213,1.259745,1.521426,1.703983,1.372539,1.768453,1.751755,1.889903,1.820116,1.763202,2.203032,2.110582,2.203578,2.078806,2.250589,2.133198,2.384239,2.126318,2.438305,2.312667,2.502822,2.306545,2.680484,2.347897,2.108096,1.871993,1.488726,1.285729,1.107767,0.9943782,0.882572,0.7673368,0.6639218,0.555342,0.4629147,0.3792726,0.303757,0.2388541,0.175219,0.1212298,0.07431036,0.03149605,-0.007985877,-0.04251339,-0.0726277,-0.09940892,-0.1231925,-0.1442014,-0.1631998,-0.1800848,-0.1943753,-0.2069397,-0.2188467,-0.2290021,-0.2380241,-0.2455574,-0.252162,-0.2581094,-0.2628946,-0.2672063,-0.2708196,-0.2739991,-0.2768755,-0.2794722,-0.2815385,-0.2832805,-0.2844473,-0.2853997,-0.2864241
KMR,Shodhit,Water,WS1BD2,-0.9667395,-1.09813,-0.4194094,-0.6003545,-1.094911,-0.3806926,-0.1765493,-0.3324356,-0.3685903,-0.3073674,-0.2980285,-0.347562,-0.2833453,-0.1921399,-0.1841599,-0.453482,-0.3771051,-0.282681,-0.4265917,-0.381157,-0.2050628,-0.368758,-0.214571,-0.2074904,-0.2217762,-0.354337,-0.2108245,-0.2968845,-0.2474811,-0.3027265,-0.250371,-0.2645937,-0.3464778,-0.245871,-0.3110091,-0.3282387,-0.2740002,-0.2737513,-0.2898487,-0.323369,-0.2837579,-0.2865704,-0.2719461,-0.268297,-0.2723575,-0.3054292,-0.295475,-0.2829157,-0.3543894,-0.2902729,-0.3079332,-0.3031519,-0.3300519,-0.3570322,-0.3137041,-0.3208866,-0.3406007,-0.4158913,-0.3529719,-0.3480247,-0.3451873,-0.3631363,-0.3888257,-0.3923786,-0.3331761,-0.3517478,-0.3358339,-0.3790061,-0.382773,-0.418734,-0.3950829,-0.420886,-0.3444162,-0.3639042,-0.3441287,-0.3238209,-0.3652783,-0.3200543,-0.4093376,-0.3222142,-0.3347462,-0.2847775,-0.257268,-0.4509143,-0.3035333,-0.3644798,-0.2570232,-0.3415047,-0.1625906,-0.381618,-0.2361336,-0.2603966,-0.1988733,-0.3422973,-0.04321775,0.02528552,-0.1031653,-0.07260056,0.1513137,0.002711725,0.1101179,0.1120687,0.1369999,0.1626199,0.3818126,0.194236,0.2631533,0.107328,0.3725263,0.3506165,0.4973716,0.5444671,0.4975217,0.4861305,0.6392567,0.6777133,0.6210737,0.7106379,0.7100455,0.6040452,0.7185387,0.9799571,0.9314303,1.023242,0.7375222,1.088295,1.269301,1.264964,1.108597,1.188357,1.503102,1.40054,1.227614,1.533832,1.671506,1.211109,1.223578,1.527727,1.442769,1.894455,1.764981,1.581229,1.632318,1.846528,1.741446,1.414075,1.596204,1.70656,1.974434,1.803769,1.478603,1.287568,1.295767,1.19561,1.161036,1.097237,1.058004,1.014173,0.9645433,0.9053487,0.8578753,0.8292154,0.8001728,0.7295577,0.679258,0.6263934,0.5795267,0.5304315,0.4856459,0.4385465,0.3913431,0.3390125,0.300077,0.2554811,0.2152341,0.1743363,0.1356599,0.09961107,0.06503889,0.03466642,0.003243362,-0.0233292,-0.04781612,-0.07019869,-0.09130366,-0.1103792,-0.1274384,-0.143047,-0.1573748,-0.1703666,-0.1824431,-0.193506,-0.2029706,-0.2120561,-0.2207001,-0.2284311,-0.2357089,-0.2416066,-0.2474403,-0.252907,-0.2571861,-0.2612913,-0.2648175,-0.2682445,-0.2711098,-0.2738196,-0.2760781,-0.2780155,-0.2794889,-0.280691,-0.2817862
KMR,Shodhit,Water,WS2BD2,-2.124044,-0.7713824,-0.4379236,-0.6343235,-0.3503585,-0.1974066,-0.4919587,-0.2452323,-0.1426989,-0.1937,-0.08592326,-0.216494,0.02005659,-0.1337178,-0.2868718,-0.06510717,-0.1269476,-0.1000938,-0.1134521,-0.2704661,-0.07198972,-0.08721478,-0.07235975,-0.1222642,-0.1109097,-0.1267059,-0.06708441,-0.1594937,-0.05372044,-0.06974008,-0.1460149,-0.1099207,-0.09234925,-0.07465023,-0.09284075,-0.09577955,-0.09938905,-0.1391851,-0.1112306,-0.08948197,-0.0859055,-0.06665209,-0.07910812,-0.07517446,-0.08865133,-0.07081437,-0.04529718,-0.05794738,-0.0380473,-0.07450308,-0.05140898,-0.06185885,-0.05006657,-0.02329531,-0.03160918,-0.01014305,-0.03220014,-0.01860261,-0.007665262,-0.03373564,-0.05488259,-0.06390397,-0.1382203,-0.009775741,-0.04282989,-0.009156493,-0.05419464,-0.03614286,-0.06054893,-0.09720594,-0.03886821,-0.08799065,-0.002695918,0.004024331,-0.1242499,-0.160085,-0.006326974,-0.01854123,-0.06511088,0.1385838,0.04176613,-0.03524702,0.06982001,0.09405449,0.2338973,0.2903731,0.210458,0.2265528,0.1108172,-0.0407146,0.1347136,0.2377247,0.2364492,0.2034791,0.1217964,0.02859124,0.2630623,0.06822719,0.232607,0.1142704,0.04772017,0.07700834,0.1778561,0.09331417,0.07207081,0.1400978,0.1569369,0.2830787,0.1652271,0.1599536,0.1777136,0.261715,0.2014622,0.2566374,0.3158415,0.3063845,0.2535092,0.3787778,0.3745338,0.6862084,0.4256044,0.7407198,0.6376896,0.5679015,0.8293207,0.7803963,0.9375835,0.834887,0.7564192,0.6587463,1.216375,0.6459409,0.57263,0.8126313,0.7233767,0.8145435,0.7500361,0.7573784,0.8296287,0.8037342,0.8548351,0.8375532,0.7787193,0.8311756,0.7074058,0.7951198,0.7385166,0.7577873,0.7366814,0.6860712,0.6429219,0.6500347,0.6245099,0.6328603,0.5739657,0.5382478,0.5050324,0.4937726,0.4724577,0.4272005,0.4088595,0.3780663,0.3529001,0.3330125,0.2965174,0.268611,0.2363541,0.2134077,0.1871307,0.1616402,0.1355639,0.1063354,0.07976516,0.05509587,0.02877758,0.007364551,-0.01589659,-0.03732238,-0.05694443,-0.0752961,-0.09337216,-0.1090405,-0.1228733,-0.1359326,-0.1483767,-0.1593306,-0.1693566,-0.1786055,-0.1869683,-0.1942647,-0.2016583,-0.2085554,-0.2138443,-0.2187216,-0.2239554,-0.2286523,-0.2332028,-0.2367625,-0.2402709,-0.2436284,-0.2463695,-0.2489457,-0.2509394,-0.2529418,-0.2552396,-0.256975,-0.2586795,-0.2602105,-0.2611196,-0.2619217,-0.2628126
KMR,Shodhit,Water,WS3BD2,-1.134029,-0.466769,-0.6220098,-0.4730107,-0.6233389,-0.4065616,-0.3778113,-0.4938467,-0.6068437,-0.4540326,-0.4037822,-0.4334309,-0.4406967,-0.3880221,-0.2454972,-0.3169871,-0.3370236,-0.4523742,-0.1832432,-0.2490412,-0.3267662,-0.1582242,-0.1037199,-0.09897458,-0.03385139,-0.01098538,-0.02854796,-0.001308933,0.0200374,0.0837388,0.09484084,0.07161258,0.1142427,0.1163857,0.08412598,0.1404669,0.2192028,0.244689,0.2127807,0.2351883,0.2639202,0.3328192,0.3251667,0.291036,0.3436035,0.4203859,0.4360011,0.387048,0.4161945,0.4820026,0.4606021,0.4906344,0.387453,0.3495745,0.3181355,0.361432,0.1571246,0.1306984,0.08880939,0.09780554,0.04058392,0.02886193,0.0799489,-0.000104152,0.02662087,0.02059314,-0.007711164,-0.02022161,-0.03339988,0.01865617,-0.03589901,-0.03262888,0.007409708,0.03613466,0.01206658,0.01425147,0.08107651,0.03377744,0.0725181,0.001036997,0.02850727,0.01250095,0.01903791,0.01205441,0.009802765,0.01246461,0.03034109,0.03602283,0.04148022,0.02121446,0.05557507,0.07489859,0.08171042,0.07512392,0.06182791,0.05679078,0.0674472,0.08222051,0.06737597,0.06541792,0.06060731,0.0597408,0.0699326,0.07366669,0.06826133,0.08414759,0.0830833,0.09079855,0.1036945,0.109043,0.1104414,0.1207315,0.1301802,0.1506544,0.1714706,0.188454,0.1863753,0.1956492,0.2487281,0.2894295,0.3245021,0.3212817,0.3616532,0.3615113,0.3633029,0.4027826,0.4195717,0.4459995,0.4202076,0.4446944,0.4770612,0.4869661,0.5070481,0.519523,0.5318547,0.5184457,0.5308197,0.5600444,0.5598661,0.5443502,0.5089065,0.5058833,0.5323401,0.5273307,0.514855,0.5249181,0.5176576,0.5145243,0.491391,0.4605515,0.4566913,0.443287,0.4244335,0.3907751,0.3778838,0.3519213,0.338312,0.3189991,0.3027222,0.2811069,0.2589804,0.2397747,0.2175714,0.1997377,0.1753043,0.1570135,0.1359999,0.1166096,0.09577993,0.07624333,0.056711,0.03668211,0.01622052,-0.000468582,-0.01897752,-0.03774051,-0.05621834,-0.07128626,-0.08559435,-0.09889343,-0.1123943,-0.1236222,-0.1335979,-0.1430692,-0.1521707,-0.1605365,-0.1678328,-0.1743362,-0.1801705,-0.1852953,-0.1907538,-0.1952556,-0.1994016,-0.2027587,-0.2066609,-0.2098368,-0.2129366,-0.2153768,-0.217655,-0.2200089,-0.2215015,-0.2231655,-0.2244475,-0.2256036,-0.2269834,-0.2280804,-0.2288919,-0.2296732,-0.2299776,-0.2302442,-0.2305784
Kupilu,Shodhit,Water,WSKBD2,-1.366758,-0.8914575,-0.4467712,-1.131335,-0.6165782,-0.5103568,-0.3108864,-0.4067554,-0.4301128,-0.4844315,-0.5449387,-0.5241769,-0.5054179,-0.4276522,-0.5192358,-0.5207167,-0.4126458,-0.3216879,-0.342544,-0.3636376,-0.3513407,-0.2661479,-0.3388299,-0.3817849,-0.234528,-0.2848712,-0.2516946,-0.2241961,-0.1876764,-0.1677638,-0.1643209,-0.2057596,-0.1393395,-0.1457247,-0.1450352,-0.07030045,-0.0953942,-0.09386689,-0.03240859,-0.02018068,-0.0257348,-0.001356698,0.01430557,0.03531695,0.04868159,0.03486537,0.07198501,0.04391932,0.1042503,0.0621023,0.1089049,0.1273501,0.1652716,0.1579657,0.1363661,0.2197999,0.1925492,0.2393283,0.2620159,0.253061,0.3076638,0.3532585,0.3643705,0.4028952,0.4282875,0.4078844,0.4618553,0.5058954,0.5295451,0.5169387,0.5583209,0.5426399,0.5495981,0.6081982,0.5035824,0.6231509,0.6136059,0.473451,0.5447613,0.3637031,0.2948013,0.2636117,0.2004232,0.1189824,0.1432733,0.1912361,0.2136796,0.1933763,0.08264381,0.09567976,0.1186227,0.0723799,0.03511003,0.06287007,0.05708239,0.06788543,0.08320038,0.1612576,0.1994844,0.2435434,0.2611954,0.3175696,0.3341866,0.3518975,0.3948813,0.4466834,0.4821795,0.5409869,0.533224,0.5774443,0.6246717,0.6700567,0.6714377,0.7161348,0.7433742,0.712759,0.7979527,0.8471323,0.8167248,0.7866071,0.8258911,0.7927868,0.7190777,0.6613789,0.6678537,0.6276609,0.5915404,0.5899667,0.5303739,0.5531084,0.5406688,0.5257144,0.5291563,0.5439144,0.5601079,0.5806284,0.5937248,0.6064374,0.5909752,0.5942682,0.6067306,0.6018844,0.6012304,0.5898197,0.5823362,0.5631887,0.5468353,0.5204428,0.5113287,0.4761102,0.4373864,0.4129067,0.3844159,0.348788,0.3106656,0.2801329,0.246146,0.2104068,0.1744642,0.1406222,0.1063667,0.07516395,0.04188313,0.01148348,-0.02019106,-0.04897051,-0.07658631,-0.1050562,-0.1289717,-0.1503808,-0.1721269,-0.1933061,-0.2122588,-0.2290392,-0.2449695,-0.2614305,-0.2762463,-0.2882342,-0.2987293,-0.3083157,-0.3171662,-0.3244062,-0.3304012,-0.3361886,-0.3410816,-0.3454168,-0.3486939,-0.3514346,-0.3535677,-0.3554664,-0.3572452,-0.3582099,-0.3588883,-0.3593506,-0.3597279,-0.3597573,-0.3595721,-0.3589247,-0.3582388,-0.3576477,-0.3566448,-0.3557915,-0.354353,-0.3528926,-0.3516691,-0.3503912,-0.3489661,-0.3472849,-0.3453908,-0.3436485,-0.341951
KMR,Ashodhit,PetEther,PABD2,-0.5258436,0.152677,-0.482697,-0.03488605,-0.16101,0.009552015,-1.186713,0.1081195,-1.287331,-1.199083,-0.7916436,-0.9602137,-1.002596,-1.468076,-1.11771,-0.1187186,-0.8721512,-0.8777248,-1.051487,-0.1433262,-0.5359812,-0.2523786,0.2366513,0.4561669,0.3715706,0.5698158,0.4621184,0.5719146,0.4690582,0.5350649,0.4899984,0.3969132,0.4663397,0.4424221,0.433849,0.4071118,0.4119391,0.2853211,0.3523617,0.345437,0.329412,0.3030966,0.2871053,0.2598319,0.2124871,0.216772,0.1573302,0.1878054,0.1694483,0.1148631,0.04820424,0.09403446,0.08359951,0.009285268,0.04713238,-0.06851468,0.01013768,0.00277409,-0.01361553,-0.08128803,-0.1161603,-0.07479044,-0.09247808,-0.09343284,-0.1361111,-0.1686178,-0.1650129,-0.2056188,-0.2604671,-0.2526078,-0.2926061,-0.2738335,-0.3049174,-0.2897884,-0.3908306,-0.3666041,-0.447181,-0.4256673,-0.4269563,-0.3500653,-0.4067251,-0.5603944,-0.4127134,-0.4522131,-0.4662464,-0.4845517,-0.4477494,-0.5340105,-0.5376643,-0.5539734,-0.5189013,-0.5523602,-0.4202987,-0.4435219,-0.5233612,-0.3634023,-0.3062311,-0.2485152,-0.3669618,-0.2287327,-0.3653809,-0.1652046,-0.1324092,-0.1418843,0.000182353,0.0575807,0.1156167,0.1149755,0.2556761,0.1735073,0.2099379,0.2097567,0.3988522,0.4325226,0.4288721,0.5476171,0.3844006,0.3833033,0.4509209,0.5670102,0.5791379,0.5708017,0.674261,0.953062,0.6700814,0.7932692,0.7885612,0.6146529,0.5749528,0.8705003,0.9046137,1.216978,1.139226,1.176603,0.8723358,1.068236,1.362264,1.104532,1.401135,1.568202,1.417927,1.203667,1.617622,1.429777,1.738035,1.414478,1.551178,1.946398,1.803126,1.775293,1.838885,1.964501,2.007749,1.888816,1.89988,2.002233,2.14544,1.55768,1.414739,0.9374289,0.6701509,0.4356162,0.2527732,0.124034,0.01243779,-0.0661947,-0.1248323,-0.1695534,-0.2021543,-0.2331281,-0.2609482,-0.285322,-0.2995714,-0.3148011,-0.3305203,-0.3483114,-0.3618242,-0.3710204,-0.3794576,-0.3862132,-0.3919912,-0.3963937,-0.4002859,-0.4022658,-0.4047926,-0.4068473,-0.4077769,-0.4080334,-0.4087052,-0.4080609,-0.4076822,-0.4069696,-0.4061301,-0.4047797,-0.4037653,-0.4012685,-0.3998174,-0.3974258,-0.3953265,-0.3932577,-0.3902689,-0.3877463,-0.3848321,-0.3817068,-0.3789805,-0.3759048,-0.3729211,-0.3698606,-0.366797,-0.3633781,-0.3601825
KMR,Shodhit,PetEther,PESBD2,-0.5258436,0.152677,-0.482697,-0.03488605,-0.16101,0.009552015,-1.186713,0.1081195,-1.287331,-1.199083,-0.7916436,-0.9602137,-1.002596,-1.468076,-1.11771,-0.1187186,-0.8721512,-0.8777248,-1.051487,-0.1433262,-0.5359812,-0.2523786,0.2366513,0.4561669,0.3715706,0.5698158,0.4621184,0.5719146,0.4690582,0.5350649,0.4899984,0.3969132,0.4663397,0.4424221,0.433849,0.4071118,0.4119391,0.2853211,0.3523617,0.345437,0.329412,0.3030966,0.2871053,0.2598319,0.2124871,0.216772,0.1573302,0.1878054,0.1694483,0.1148631,0.04820424,0.09403446,0.08359951,0.009285268,0.04713238,-0.06851468,0.01013768,0.00277409,-0.01361553,-0.08128803,-0.1161603,-0.07479044,-0.09247808,-0.09343284,-0.1361111,-0.1686178,-0.1650129,-0.2056188,-0.2604671,-0.2526078,-0.2926061,-0.2738335,-0.3049174,-0.2897884,-0.3908306,-0.3666041,-0.447181,-0.4256673,-0.4269563,-0.3500653,-0.4067251,-0.5603944,-0.4127134,-0.4522131,-0.4662464,-0.4845517,-0.4477494,-0.5340105,-0.5376643,-0.5539734,-0.5189013,-0.5523602,-0.4202987,-0.4435219,-0.5233612,-0.3634023,-0.3062311,-0.2485152,-0.3669618,-0.2287327,-0.3653809,-0.1652046,-0.1324092,-0.1418843,0.000182353,0.0575807,0.1156167,0.1149755,0.2556761,0.1735073,0.2099379,0.2097567,0.3988522,0.4325226,0.4288721,0.5476171,0.3844006,0.3833033,0.4509209,0.5670102,0.5791379,0.5708017,0.674261,0.953062,0.6700814,0.7932692,0.7885612,0.6146529,0.5749528,0.8705003,0.9046137,1.216978,1.139226,1.176603,0.8723358,1.068236,1.362264,1.104532,1.401135,1.568202,1.417927,1.203667,1.617622,1.429777,1.738035,1.414478,1.551178,1.946398,1.803126,1.775293,1.838885,1.964501,2.007749,1.888816,1.89988,2.002233,2.14544,1.55768,1.414739,0.9374289,0.6701509,0.4356162,0.2527732,0.124034,0.01243779,-0.0661947,-0.1248323,-0.1695534,-0.2021543,-0.2331281,-0.2609482,-0.285322,-0.2995714,-0.3148011,-0.3305203,-0.3483114,-0.3618242,-0.3710204,-0.3794576,-0.3862132,-0.3919912,-0.3963937,-0.4002859,-0.4022658,-0.4047926,-0.4068473,-0.4077769,-0.4080334,-0.4087052,-0.4080609,-0.4076822,-0.4069696,-0.4061301,-0.4047797,-0.4037653,-0.4012685,-0.3998174,-0.3974258,-0.3953265,-0.3932577,-0.3902689,-0.3877463,-0.3848321,-0.3817068,-0.3789805,-0.3759048,-0.3729211,-0.3698606,-0.366797,-0.3633781,-0.3601825
KMR,Shodhit,PetEther,PS1BD2,-0.5994636,-0.4672762,-1.555401,0.1396876,-1.420524,0.09713884,-1.540706,-1.150739,-0.3828024,-0.8436507,-1.31363,-0.07496633,-0.4263045,0.2069557,-0.1955714,-0.3149316,-0.8444382,-1.1637,-0.1992445,-0.520205,-0.4702405,0.05814052,0.3120901,0.2850508,0.3433795,0.5609025,0.5502826,0.5221612,0.5364688,0.514867,0.5256083,0.5034614,0.4442759,0.4725635,0.4568849,0.3396689,0.3593796,0.3932145,0.3833732,0.3549259,0.334194,0.3220015,0.2873883,0.2513505,0.2649135,0.2176647,0.2122804,0.1749468,0.1298944,0.1670035,0.1161417,0.1168683,0.09006262,0.09209132,0.07354563,0.03120595,-0.01318394,-0.01895936,-0.007391084,-0.03807993,-0.03784474,-0.1541922,-0.1191476,-0.1700917,-0.2377192,-0.1866389,-0.2141316,-0.2464619,-0.259851,-0.2355412,-0.2774753,-0.249072,-0.326738,-0.3610135,-0.3193211,-0.4980932,-0.4042115,-0.3901452,-0.4694486,-0.4574633,-0.4225496,-0.4464641,-0.4670272,-0.4695447,-0.484351,-0.5280478,-0.5489077,-0.5021461,-0.4864016,-0.6907142,-0.5300859,-0.5156153,-0.5034004,-0.5679682,-0.5340179,-0.5415036,-0.5963396,-0.6655116,-0.4398976,-0.336616,-0.3067566,-0.3053298,-0.3484923,-0.2451813,-0.272483,-0.2460806,-0.2823071,-0.1282602,-0.1551854,0.006280817,0.03295393,-0.01272836,-0.0106178,0.1669833,0.2122079,0.09017059,0.1152423,0.06120416,0.262121,0.01504365,0.2118159,0.171685,0.3177355,0.3983245,0.4926037,0.4004719,0.7000176,0.5187949,0.7258757,0.8239533,0.7686789,0.5403895,0.9053009,0.8880512,0.6676671,0.8299762,0.6876699,0.8852088,0.9583208,1.208928,1.128863,1.22177,1.342429,0.9494383,1.365534,0.968658,1.207802,1.468883,1.402229,1.758039,1.386168,1.494565,1.629378,1.517221,1.523379,1.893279,1.697981,1.625427,1.851189,2.08671,1.995415,2.014685,1.723208,1.346939,1.072654,0.9353398,0.7175239,0.5275783,0.3887879,0.3157746,0.2259627,0.1525328,0.1103957,0.06128101,0.008705171,-0.03050486,-0.06656235,-0.09818754,-0.1249944,-0.14721,-0.1672457,-0.184433,-0.1975197,-0.2095076,-0.2210502,-0.2308683,-0.2397174,-0.2462343,-0.252399,-0.2582431,-0.2641019,-0.268165,-0.2719928,-0.2750711,-0.2779671,-0.2800806,-0.2827155,-0.2838819,-0.2849012,-0.2856759,-0.2859828,-0.2856659,-0.2858498,-0.2855539,-0.2850965,-0.2847051,-0.2839786,-0.2831876,-0.2819015,-0.2805733,-0.2790327
KMR,Shodhit,PetEther,PS2BD2,-2.391417,-0.6959708,-0.6781328,-0.3775052,-0.5460142,-0.909185,-1.804618,0.1284805,-0.8899796,-0.2128273,-0.8369955,-0.267062,-1.107473,-0.9022964,-0.5409511,-1.368773,-0.5668277,-0.6158244,-0.1614062,-0.9349361,-0.6458939,0.5350751,0.06590054,0.09963734,0.2444071,0.2507196,0.2955283,0.1747224,0.228324,0.2682693,0.3891248,0.4103503,0.348288,0.3397026,0.3619651,0.333792,0.304576,0.266642,0.2829324,0.2394488,0.2522191,0.232605,0.2150608,0.1826187,0.1257115,0.1463594,0.1138841,0.115422,0.08587244,0.08665104,0.01959903,0.02233543,0.01237123,-0.001611318,0.003382772,-0.02438905,-0.04682558,-0.06420149,-0.07399907,-0.09929112,-0.1476336,-0.1524619,-0.1473564,-0.1521285,-0.152786,-0.1758793,-0.1903414,-0.2147117,-0.2231877,-0.2626443,-0.2281962,-0.267829,-0.3590457,-0.3169363,-0.3508973,-0.3110568,-0.307858,-0.3973769,-0.3553245,-0.3494254,-0.3935958,-0.3728758,-0.4129674,-0.403992,-0.4067266,-0.5175261,-0.5234724,-0.4673382,-0.4648565,-0.4989353,-0.4676325,-0.5176012,-0.4637793,-0.489699,-0.4454356,-0.4113055,-0.3992541,-0.2513752,-0.2642022,-0.3866847,-0.2255278,-0.07358572,-0.04013885,-0.06107247,-0.01318416,0.05061214,0.1079795,-0.007653228,0.2227938,0.2905295,0.3550223,0.39727,0.3512175,0.4804654,0.485573,0.4644563,0.4107714,0.2844576,0.7474908,0.4821544,0.7907299,0.7085788,0.7723001,0.9003288,0.9437018,0.9633712,0.9852581,1.11278,0.6168857,0.725034,0.8785606,1.015964,0.9804483,1.075689,1.052005,1.124649,1.330271,0.8903667,1.317477,1.527692,1.258652,1.290185,1.560553,1.584756,1.770719,1.81125,1.87,2.008337,1.878347,1.833118,2.142566,2.006202,1.665119,2.22543,2.039954,2.022176,2.056981,1.979101,1.970368,2.148529,1.257438,0.8708826,0.6457311,0.4156192,0.2716087,0.1426013,0.06048529,-0.007674677,-0.05640479,-0.09904512,-0.1351629,-0.1725453,-0.1985887,-0.2235969,-0.2440045,-0.2682383,-0.2876268,-0.303199,-0.3165405,-0.3274529,-0.3371066,-0.3455635,-0.3519144,-0.3575309,-0.3633724,-0.367956,-0.3709786,-0.3734499,-0.3754189,-0.3774862,-0.3790486,-0.3795195,-0.3800667,-0.3800267,-0.3800337,-0.3795505,-0.3790595,-0.3776721,-0.376314,-0.3745992,-0.3728587,-0.3710439,-0.3687846,-0.3660935,-0.3636101,-0.3611348,-0.3588029,-0.355987,-0.3529449,-0.3500252,-0.3470734
KMR,Shodhit,PetEther,PS3BD2,-0.4627415,-1.780743,-0.5866488,-0.7003758,-0.6558781,-0.9177366,-0.7148643,-1.302202,-0.4525495,-0.1540868,-1.281594,-0.1706732,-0.2967574,-0.963959,-1.147386,-0.3102043,-0.9013281,-0.2750198,-0.3395292,-1.405535,-0.1020866,0.3088426,0.0887874,0.005408267,0.2953145,0.2150834,0.02119715,0.2664869,0.4023429,0.2862545,0.2743524,0.3601924,0.3666507,0.3930923,0.3375429,0.3102776,0.341036,0.2713859,0.2596425,0.2812951,0.2399842,0.2310622,0.0862093,0.1784113,0.1639946,0.1129206,0.1246463,0.1085262,0.09625843,0.004195978,0.03491681,0.01358988,0.008444045,0.004740069,0.01085715,-0.0182633,-0.04387983,-0.08166322,-0.05267975,-0.07306407,-0.1361176,-0.1351966,-0.2227211,-0.1412144,-0.1879481,-0.2275616,-0.2261346,-0.208783,-0.2455294,-0.310739,-0.3009726,-0.3180783,-0.3113299,-0.3007006,-0.2972241,-0.3020537,-0.3495545,-0.3305479,-0.4116685,-0.5228697,-0.4171576,-0.4502145,-0.6002437,-0.3945045,-0.4453782,-0.4711653,-0.5155433,-0.5223434,-0.4099703,-0.5896831,-0.4604113,-0.4516187,-0.3630069,-0.3427321,-0.360906,-0.250599,-0.2671776,-0.2612152,-0.1229784,-0.1044605,-0.0519048,-0.1126015,0.03825322,0.0245807,0.01120367,0.02340296,0.2117977,0.2441379,0.08380849,0.3773293,0.4422348,0.4119818,0.4953496,0.5056875,0.5021996,0.6299824,0.4832849,0.4632146,0.5517726,0.5355068,0.7447296,0.652848,0.5921767,0.6901943,0.7804681,0.8621997,1.003226,0.9989989,1.143888,1.306985,1.200629,1.229309,0.9874757,1.204131,1.413512,1.376817,1.526342,1.524166,1.537735,1.526003,1.162486,1.465046,1.481582,1.699335,1.58485,1.68871,1.728623,1.893648,1.731695,1.619278,1.964998,1.921777,1.450207,2.041882,2.380104,1.558432,2.1639,1.940618,1.639301,1.260619,0.831008,0.5524194,0.3597805,0.2013062,0.08678149,-0.001244488,-0.0714094,-0.1179452,-0.1580007,-0.1881641,-0.2195332,-0.2421206,-0.2621424,-0.2802684,-0.2960689,-0.3126885,-0.3264964,-0.3376472,-0.3471072,-0.3554102,-0.3623618,-0.3680171,-0.3724786,-0.3757623,-0.3795935,-0.3821589,-0.3840896,-0.3856224,-0.3869768,-0.3878423,-0.3888549,-0.3892915,-0.3892526,-0.3886421,-0.3882936,-0.3877003,-0.3871175,-0.3857191,-0.3844945,-0.3833784,-0.381634,-0.3797929,-0.3777919,-0.3758414,-0.3737732,-0.3716777,-0.3695385,-0.3673683,-0.3648601,-0.3623625,-0.3598135
Kupilu,Shodhit,PetEther,PSKBD2,0.09060287,-0.6636914,-1.366678,-1.263367,-0.3666067,-0.7873435,-1.37569,-1.289683,-0.4216235,-0.6420323,-1.715206,-0.9414513,-0.4535865,0.2676241,-0.7170965,-0.6541637,-0.343978,-0.06934366,-0.5278424,-0.4700819,0.5211932,0.1618758,0.201836,0.6210472,0.4280729,0.8402161,0.9377799,0.9196402,0.9629055,1.030922,1.030676,1.043271,1.070424,1.133817,1.103177,1.124543,1.157477,1.194052,1.140836,1.221,1.203363,1.259298,1.290049,1.319043,1.337749,1.356412,1.323201,1.400222,1.432304,1.454166,1.46484,1.496462,1.51844,1.455262,1.523628,1.466749,1.409139,1.400124,1.201031,1.028522,0.7896254,0.6892,0.6132604,0.510991,0.4630705,0.3926356,0.3703478,0.3334467,0.3093319,0.3006603,0.2899874,0.2771346,0.2635168,0.2514012,0.2384088,0.2327447,0.2273092,0.229587,0.2171936,0.2035598,0.1909983,0.1848184,0.1681495,0.1608377,0.1529421,0.1387403,0.1203177,0.100879,0.07937493,0.05777883,0.03485144,0.01004222,-0.01419889,-0.04088628,-0.06605934,-0.09233715,-0.1129695,-0.1320152,-0.1505878,-0.1668692,-0.1809498,-0.1947188,-0.2076927,-0.2226423,-0.2386827,-0.2583892,-0.2787944,-0.2967704,-0.312546,-0.3241569,-0.3318378,-0.3384012,-0.3423725,-0.3450177,-0.3469261,-0.3478256,-0.3453202,-0.3442719,-0.3456951,-0.3452201,-0.3442371,-0.3429319,-0.343157,-0.3414742,-0.3396535,-0.3393332,-0.3399424,-0.338739,-0.3389015,-0.339225,-0.3394447,-0.3384765,-0.3372782,-0.3367111,-0.3342833,-0.3333806,-0.3323237,-0.331275,-0.3294738,-0.3281992,-0.3265405,-0.3275153,-0.3308889,-0.3327106,-0.337829,-0.3407015,-0.3408481,-0.3424454,-0.343284,-0.344825,-0.3470613,-0.3503904,-0.3528165,-0.3552007,-0.354429,-0.3569229,-0.3598347,-0.3646056,-0.3751201,-0.3832841,-0.3895613,-0.3954179,-0.401612,-0.4060193,-0.4083517,-0.410607,-0.411457,-0.4128991,-0.4119334,-0.4115261,-0.4107713,-0.4100139,-0.4097266,-0.4090043,-0.4071618,-0.4072366,-0.406906,-0.4056021,-0.4039816,-0.4027256,-0.4012039,-0.3995678,-0.3978167,-0.3960715,-0.3943771,-0.3926709,-0.3907233,-0.3890216,-0.3870455,-0.3849326,-0.3833384,-0.3812085,-0.3790302,-0.3769254,-0.374984,-0.372947,-0.3710124,-0.368692,-0.3665802,-0.3645081,-0.3622602,-0.3600498,-0.3577233,-0.3553265,-0.3532107,-0.3510555,-0.3488916,-0.3467334,-0.3443507,-0.3419412,-0.3397794
KMR,Ashodhit,MeOH,MABD2,0.2143612,-1.227971,-1.122964,-2.511984,-0.5879013,-1.699367,0.4570353,0.678782,-0.5372697,-1.016514,-0.8799823,-0.5946443,-0.7402668,0.3001575,0.6245044,0.8039432,0.3481617,0.351583,0.621048,0.6492518,0.6346643,0.9741719,1.026089,0.7537171,0.6738114,0.6035865,0.5835545,0.7127297,0.6149524,0.6155705,0.8320309,0.5980128,0.8534576,0.5659862,0.6806821,0.5899558,0.683898,0.4838253,0.4897989,0.6953641,0.5516776,0.3983238,0.5483978,0.5417707,0.3209627,0.4180173,0.4553405,0.3576912,0.3262718,0.2315198,0.1410708,0.1848871,0.2511252,0.1999689,0.2366305,0.2451158,0.1724159,0.1551426,0.1258217,0.01938951,0.04957603,-0.02701172,-0.06338582,-0.03737526,-0.2502038,-0.1263862,-0.1477187,-0.2663955,-0.320109,-0.4910795,-0.4371439,-0.525673,-0.7161088,-0.5922835,-0.4803977,-0.4913002,-0.4304797,-0.5786978,-0.4381519,-0.57524,-0.6991236,-0.6571706,-0.8429278,-0.8997491,-0.6626254,-0.7632511,-0.6618468,-0.8968338,-0.8208226,-0.713425,-0.8402171,-0.7358608,-0.6457112,-0.512235,-0.4076618,-0.4888032,-0.5916595,-0.4380921,-0.4822517,-0.5364755,-0.4041836,-0.3015039,-0.188822,-0.1094862,-0.2959216,-0.1148896,-0.1144289,-0.08509095,-0.09884332,-0.1788647,0.06518769,-0.09329297,0.009842882,0.2231965,0.2002525,0.2174764,0.269952,0.2234347,0.09646727,0.464286,0.03371399,0.02730893,0.5180349,0.3684738,0.1950514,0.5009738,0.8757978,0.9263849,0.8345033,0.7074575,0.9823555,0.7232756,0.7477755,1.075349,0.7822364,0.7842037,0.5724249,1.338774,1.037406,1.115673,1.06292,1.420049,1.140077,1.217063,1.936222,1.296055,1.593295,1.034728,1.389233,1.144339,1.083838,1.369872,1.118306,1.408405,1.243721,1.089398,0.9975579,1.119312,0.9421743,0.9007204,0.815997,0.7488342,0.6929372,0.6113115,0.5291609,0.4517349,0.3884463,0.3249848,0.2638715,0.2138012,0.1560368,0.1034377,0.05455074,0.00856985,-0.02963745,-0.07068867,-0.1106238,-0.1448737,-0.176567,-0.2024921,-0.2285717,-0.2511554,-0.2709913,-0.2892208,-0.3058822,-0.3207895,-0.3338849,-0.3459804,-0.3565466,-0.3656387,-0.3744902,-0.3825945,-0.3895398,-0.3958951,-0.4023338,-0.4076999,-0.412517,-0.4166847,-0.420559,-0.4242215,-0.4268089,-0.4293966,-0.4315047,-0.4336296,-0.4352631,-0.4365972,-0.4375201,-0.4383151,-0.4387008,-0.4386572,-0.4388214
Kupilu,Ashodhit,MeOH,MAKBD2,-0.1855884,-0.9664882,-1.5985,-0.9655661,-1.128976,-1.9572,-0.6520782,-1.192114,-0.1574976,0.1395951,-0.176527,-0.1614074,-0.1689698,0.4531016,-0.2156919,0.2507437,0.2112758,0.3497566,0.8953252,0.7005611,0.720544,0.9217634,0.7503404,0.9082252,0.6806655,0.5646859,0.6118764,0.6937874,0.4905479,0.6092505,0.7445185,0.492748,0.7111878,0.623834,0.3734924,0.4737008,0.3920832,0.5339798,0.3852303,0.4331744,0.3788771,0.3650083,0.3163572,0.3558181,0.2346881,0.2907053,0.251851,0.2240966,0.1740112,0.1921043,0.1631463,0.1419933,0.08936927,0.05787119,0.01080171,0.01607769,-0.04206987,-0.01826992,-0.05542102,-0.1085097,-0.1222382,-0.173404,-0.2227003,-0.1852274,-0.2410389,-0.2737255,-0.3525774,-0.3328191,-0.3964729,-0.3963829,-0.3939962,-0.4112398,-0.4440701,-0.5330033,-0.536102,-0.6359704,-0.5256753,-0.567196,-0.5371775,-0.555153,-0.6205869,-0.6182029,-0.6479336,-0.5702247,-0.6097697,-0.8191616,-0.6229142,-0.7007281,-0.641221,-0.6396765,-0.6181199,-0.569639,-0.684282,-0.5747198,-0.5973977,-0.6354028,-0.59637,-0.5485376,-0.6329911,-0.6314769,-0.594722,-0.5346963,-0.6178734,-0.4083792,-0.6446915,-0.5406286,-0.3757695,-0.4721213,-0.3014896,-0.2638801,-0.2441439,-0.2169507,-0.07571453,-0.3372443,-0.003508004,-0.03472194,-0.4436144,-0.2919727,-0.06590744,-0.2066113,-0.05222158,0.1437283,-0.1999021,0.3882774,0.01058348,-0.150695,0.06947624,0.5497567,0.1666892,0.5022614,0.6271989,0.6380021,0.4849332,0.5060874,0.4316657,0.633747,0.7460835,0.7791684,1.099862,0.8839536,1.05394,1.093414,0.8040681,1.194706,1.318166,1.387383,1.231639,1.470257,1.32244,1.355052,1.2309,1.435135,1.630154,1.736792,1.719815,1.780897,2.002674,2.001952,1.768244,1.52494,1.801077,1.906606,1.990043,2.143883,2.143731,1.531375,1.505851,1.357271,1.362589,0.9949474,0.8210542,0.7427667,0.590949,0.4759322,0.3889966,0.2961453,0.2132472,0.1370671,0.06628906,0.007513843,-0.04682696,-0.09395961,-0.134746,-0.1705302,-0.202324,-0.2303541,-0.2535192,-0.2751905,-0.2921545,-0.3069132,-0.3208473,-0.3324372,-0.3421109,-0.3502717,-0.3581629,-0.3652156,-0.3712756,-0.3758879,-0.3803365,-0.3846524,-0.38768,-0.3906151,-0.3927166,-0.3947085,-0.3967843,-0.3981448,-0.3994569,-0.4003784,-0.4005823,-0.4007816,-0.4011399
KMR,Shodhit,MeOH,MS1BD2,-0.4119818,-0.9469532,-0.8201274,-1.666056,-0.5962664,-0.5415439,-1.753064,-1.742927,-0.5041742,-1.052827,-1.076662,-0.7751122,-0.6206262,-0.3580511,-0.1859771,0.06223092,0.408688,0.5050005,0.9862527,0.85574,0.571888,0.9375042,0.6109291,0.8149231,0.5784935,0.7745284,0.8856254,0.6167414,0.6692617,0.6521034,0.6609697,0.7063146,0.4599878,0.561809,0.6374391,0.4928628,0.5465278,0.5453153,0.5858592,0.560463,0.4064893,0.3783632,0.5243787,0.4269944,0.3950787,0.4751555,0.5050698,0.3978184,0.2649007,0.3552333,0.3710794,0.2112491,0.3539173,0.3016476,0.1936125,0.1178654,0.1315957,0.1534063,0.1246423,0.04737904,0.1634835,0.009256279,-0.01689554,-0.009683304,-0.09699091,-0.001749279,-0.0692648,-0.1501997,-0.05091996,-0.1415122,-0.1632333,-0.443796,-0.3167729,-0.1631759,-0.2748141,-0.3482811,-0.461794,-0.4726375,-0.5113969,-0.5166379,-0.4782915,-0.6379325,-0.5866001,-0.4794786,-0.6350896,-0.6305711,-0.6997286,-0.4923711,-0.4839773,-0.5344009,-0.6777727,-0.6436765,-0.5215719,-0.6458404,-0.6710015,-0.5014973,-0.5955654,-0.3817486,-0.5979924,-0.525913,-0.5384827,-0.5604353,-0.544609,-0.6237298,-0.4301566,-0.5031797,-0.5410863,-0.4682593,-0.424542,-0.3927342,-0.3626803,-0.4285906,-0.1923156,-0.2907755,-0.1879396,-0.2564345,-0.4102233,-0.6128662,-0.5249584,-0.4891163,-0.2960887,-0.2922815,-0.3321932,-0.3745999,-0.4416393,-0.435602,-0.3241565,0.007696841,-0.1609539,0.2605066,0.01622991,-0.2650479,0.084462,0.06638112,0.123785,-0.01274071,0.04598812,0.4564487,0.2739302,-0.03630439,0.3449258,0.4611985,0.7834447,0.5562949,0.5164332,0.7955625,0.6099188,0.2674892,0.3466936,0.8530462,0.8733188,0.7592895,0.7380926,0.9314711,1.169467,1.049806,1.290087,1.008818,0.8644286,1.208278,1.497089,1.244393,1.340292,1.684059,1.530284,1.332988,1.564216,1.456891,1.730231,1.887316,1.878842,1.647219,1.615112,1.474891,1.185699,1.205637,1.072473,0.9630812,0.8950336,0.8208796,0.7336008,0.6612376,0.5960084,0.537174,0.4754156,0.4207006,0.3701839,0.3235096,0.278939,0.2394162,0.2013744,0.16407,0.1311109,0.1011854,0.0690526,0.04092972,0.01366306,-0.009915899,-0.03408947,-0.05627609,-0.07514675,-0.09368092,-0.1102208,-0.1276113,-0.1435291,-0.1573895,-0.1703662,-0.1828935,-0.1938196,-0.2032951,-0.2126159
KMR,Shodhit,MeOH,MS2BD2,-2.359003,-0.4929716,-0.02756652,-1.180134,-1.817283,-1.294206,-0.3262134,-1.840358,0.3811443,-0.5055459,-0.9088177,-0.4574366,-0.4971228,-0.3376525,0.0748425,0.539016,0.7183813,0.9317558,0.7138571,0.5460616,0.6963893,1.003242,0.7883904,0.5943765,0.5390731,0.7834691,0.7345483,0.7422275,0.6041171,0.6850698,0.7073605,0.5440605,0.5230481,0.7393942,0.6067488,0.4888362,0.5715083,0.6847518,0.4793083,0.6091693,0.4841098,0.5169868,0.3661406,0.3263255,0.4611551,0.3734739,0.2971685,0.3170624,0.2908212,0.2130273,0.1894457,0.1852202,0.1118854,0.1199795,0.1010583,0.1904215,-0.02382676,-0.01840146,0.06027403,-0.07651183,0.02099376,-0.07642368,-0.1041985,-0.2722242,-0.194438,-0.2336728,-0.1391411,-0.4242095,-0.3725236,-0.3173966,-0.2465602,-0.3581347,-0.4357199,-0.4368962,-0.5217896,-0.4408042,-0.6379959,-0.5842355,-0.5494642,-0.5361354,-0.6024343,-0.4894023,-0.6444043,-0.6181192,-0.7073394,-0.7428755,-0.5882533,-0.5923839,-0.8175764,-0.5280362,-0.6680157,-0.620182,-0.684296,-0.5591778,-0.4074492,-0.6035771,-0.6447719,-0.7092284,-0.5771714,-0.6155716,-0.673083,-0.5160038,-0.5774123,-0.3814196,-0.7405664,-0.4756251,-0.1834983,-0.3574647,-0.3785953,-0.343086,-0.312337,-0.0983144,-0.05401687,-0.1999976,0.02562348,0.1109562,-0.3540643,0.05447588,-0.3308128,-0.1903843,-0.3812589,0.02443174,-0.01433588,0.2881979,-0.166627,0.02122787,0.3077308,0.2146026,0.2230713,0.08065653,0.42671,0.2851909,0.1317835,0.5709185,0.239967,0.512368,0.6838101,0.5112277,0.6017578,0.737937,0.592838,0.8562427,1.022652,0.6386608,0.793529,0.776804,1.151719,0.6985233,1.146355,1.082782,0.942342,1.421552,1.30537,1.274933,1.623929,1.549743,1.094856,1.456608,1.51119,2.007335,1.617788,1.739064,1.344077,1.91412,1.809923,1.650076,1.953529,1.675401,1.365612,1.292634,1.143923,0.995016,0.8604097,0.733337,0.6138285,0.5171808,0.4291938,0.3450736,0.2712627,0.2081404,0.1457268,0.09300963,0.04553118,0.002811037,-0.03575876,-0.06996579,-0.1004461,-0.128512,-0.153146,-0.1748075,-0.195957,-0.2138825,-0.2293719,-0.2432994,-0.2576026,-0.2696944,-0.2805911,-0.2898021,-0.298694,-0.306254,-0.3120065,-0.3175985,-0.3220238,-0.3265064,-0.3305032,-0.3335311,-0.3360703,-0.338355,-0.3400854,-0.3412237,-0.3422514
KMR,Shodhit,MeOH,MS3BD2,-0.4377887,-2.584144,-0.7438123,-0.1747283,-1.102495,-1.273902,-1.024014,-0.4380323,0.02956451,0.02960233,-0.772724,-0.6461315,-0.08456606,0.8236247,0.2596032,0.6059004,0.4688554,0.9028482,0.9312387,0.8901457,0.871549,1.022283,1.086569,1.141337,1.053045,0.8345114,0.940628,0.7588797,1.150615,0.8110694,0.8241988,0.8719119,0.8892955,0.6739127,0.7780618,0.68407,0.6914498,0.9131465,0.7408228,0.6391088,0.6751127,0.5719333,0.6413533,0.5029627,0.4982889,0.4929662,0.5764265,0.3699823,0.3609739,0.3510715,0.3593643,0.2838987,0.2197051,0.2435926,0.1167916,0.1505509,0.140128,0.06174981,0.08171124,0.009423965,-0.06751458,-0.07893833,-0.1888503,-0.2588684,-0.2619389,-0.2744473,-0.3621895,-0.258274,-0.3294153,-0.5370697,-0.4069202,-0.4765941,-0.4936789,-0.5396243,-0.4491237,-0.4539755,-0.4480741,-0.6932342,-0.72343,-0.6917561,-0.7325868,-0.719408,-0.5623614,-0.7087684,-0.7339091,-0.6396151,-0.7891653,-0.767611,-0.6672964,-0.7464154,-0.5193866,-0.7852717,-0.6806309,-0.6211183,-0.6831194,-0.6118091,-0.4967294,-0.405009,-0.530769,-0.5561556,-0.6291882,-0.6672379,-0.6946136,-0.5020854,-0.4646581,-0.5929896,-0.6643633,-0.4487395,-0.4407366,-0.4424897,-0.4867877,-0.48765,-0.4056627,-0.445945,-0.305956,-0.2759733,-0.312077,-0.4587093,-0.7397884,-0.3982125,-0.1193159,-0.4243452,-0.3734199,-0.1070303,-0.04489297,-0.2789816,-0.2256585,-0.3145108,-0.3042107,-0.2689639,-0.3497558,-0.162337,0.2323849,0.05502817,0.1430363,0.1108202,0.08818492,0.7521648,0.1633802,-0.04444318,0.5612532,0.3876385,0.4491203,0.2854693,0.1683295,0.4362703,0.5976895,0.3313806,0.6657337,0.571156,0.6300856,0.628867,0.9444973,0.6093078,1.034584,0.5265225,1.059989,1.17406,1.277154,0.8154364,1.080397,1.18904,1.006917,1.289214,1.429588,1.050242,1.281637,1.288975,1.479064,1.190552,1.417802,1.436459,1.558398,1.525445,1.457709,1.041953,0.9472738,0.8188174,0.7231512,0.6366661,0.5557773,0.4828251,0.4110373,0.3568376,0.2918369,0.2393233,0.1935462,0.1489535,0.1118369,0.07646781,0.04443769,0.01284906,-0.01313967,-0.03696996,-0.06228039,-0.08364506,-0.1037952,-0.1212418,-0.1384836,-0.153627,-0.1655909,-0.1775556,-0.1882627,-0.1990972,-0.209024,-0.2174784,-0.2251346,-0.2326763,-0.2385613,-0.2437531,-0.2489115
Kupilu,Shodhit,MeOH,MSKBD2,-2.556806,-1.549772,-0.2201167,-1.445597,-0.6396065,0.06380515,-0.4518168,-0.633448,-1.365549,-0.2021616,-1.374394,0.1583071,-0.2596885,0.1897691,0.3043677,0.3621892,0.4281646,0.7379438,0.4457334,0.7758294,0.607104,0.518376,0.7314532,0.602611,0.648995,0.640904,0.6144667,0.9022285,0.5830782,0.662677,0.7274507,0.6691533,0.6740794,0.5914875,0.6215118,0.4167554,0.5096587,0.6681201,0.4850198,0.4696505,0.4646483,0.3760038,0.310681,0.2553134,0.3795481,0.3011371,0.2814026,0.2535884,0.3015099,0.290783,0.08194464,0.2017139,0.1459167,0.1370156,0.1223349,-0.009509598,0.0813651,0.05135657,-0.05939949,-0.0961391,-0.1075283,-0.001125439,-0.06762249,-0.126093,-0.2092809,-0.2132713,-0.1893254,-0.1971915,-0.3102186,-0.4394901,-0.2078543,-0.3644702,-0.293392,-0.3514577,-0.2859871,-0.5179236,-0.3646569,-0.4458922,-0.4013112,-0.5702745,-0.5463144,-0.4193093,-0.332866,-0.419803,-0.3103726,-0.322055,-0.3620765,-0.330512,-0.2588505,-0.3120699,-0.3899122,-0.2976638,-0.1055214,-0.2867749,-0.1810846,-0.07455919,-0.251738,-0.116209,0.01514732,0.1217134,0.1014403,0.3328826,0.3946929,0.2169456,0.2394289,0.2775056,0.4033706,0.3609236,0.6055813,0.7193914,0.6470674,0.6663252,0.8882116,0.7068708,0.7746652,0.7772813,0.6745318,0.8937637,1.084921,0.9794726,0.8803511,0.6224822,1.112129,1.241664,0.84489,0.8896998,0.8468703,0.9168131,0.5125073,0.6690016,0.4916943,0.5394451,0.7552553,0.5921372,0.6339773,0.6432001,0.6968692,0.7724758,0.6874717,0.9047445,0.8989622,0.8979975,0.8702468,0.8657783,0.8828046,0.8315938,0.8989275,0.7992348,0.7219255,0.7679815,0.7386518,0.6788287,0.6649444,0.6365406,0.5876058,0.5383632,0.5077211,0.4585413,0.4103425,0.3628046,0.3084636,0.2612898,0.2044666,0.1555663,0.1010338,0.05029735,0.007880673,-0.04094024,-0.08374215,-0.1261733,-0.166189,-0.2021656,-0.2369319,-0.2697546,-0.2997279,-0.325347,-0.3506436,-0.3736827,-0.3944348,-0.411523,-0.4276087,-0.441312,-0.453421,-0.4634818,-0.4727938,-0.4805994,-0.486983,-0.4925659,-0.4969473,-0.5004792,-0.5040944,-0.5067282,-0.5087214,-0.5102644,-0.5116983,-0.5124821,-0.5130359,-0.5130337,-0.5128965,-0.5125574,-0.5118279,-0.5108561,-0.5097294,-0.5084594,-0.5070283,-0.5055247,-0.503702,-0.5019995,-0.4998037,-0.4975547,-0.4954032
KMR,Ashodhit,EtOAC,EABD2,-0.01322609,-0.3769107,0.1744935,-1.15218,-0.1886586,-0.5922135,-3.227973,-0.3208503,-1.283049,-3.789552,-0.3112177,-1.076486,0.1128145,-3.173146,-1.72482,0.4838871,-0.8821091,0.2980413,-3.485397,1.287093,0.9100959,0.5049507,-0.4032423,-0.4381096,0.03876119,-1.983082,-1.949968,-2.802066,0.4575561,0.6122752,0.1427781,1.691946,1.236877,0.23808,1.57852,0.9412427,0.4038073,1.670285,0.958328,-0.6237577,-0.38896,-0.3353388,1.01112,0.9556156,1.785872,0.7994674,0.7632924,0.4079382,-0.115747,0.9106626,0.4294012,0.9145457,0.02471819,0.6975512,1.686838,1.046154,1.313555,0.7724275,0.1681328,0.5125116,1.142449,0.5033818,0.8395783,0.9072283,0.9272833,1.021149,0.9942154,1.063416,1.005185,0.807989,0.8422525,0.7975254,0.7306465,0.6811667,0.7102585,0.5733998,0.5753238,0.5631848,0.3701428,0.4392494,0.3912849,0.286353,0.2792866,0.2536692,0.2845106,0.2351852,0.136738,0.1350853,0.1405648,0.1522445,0.1274398,-0.05875558,-0.001343974,0.06340816,-0.1627437,0.005590982,0.04070404,-0.02964772,-0.007012684,-0.07246204,-0.0958688,0.08133621,0.08617276,0.1460553,0.1853397,0.1200332,0.1205426,0.2186298,0.1818006,0.2851878,0.3477395,0.3250896,0.3561282,0.3860396,0.2807176,0.4416217,0.2213711,0.4049765,0.518632,0.6362385,0.4898587,0.245403,0.2485427,0.5424767,0.5041355,0.7133472,0.5193515,0.6719285,0.7012559,0.7785023,0.790944,0.9201215,1.055412,1.219848,0.9159855,1.07682,1.096333,0.899735,1.276282,0.9987993,1.094654,1.382968,1.301469,1.582242,1.576955,1.588723,1.265584,1.14124,1.36058,1.466888,0.7790711,0.6713882,0.7852386,0.6946963,0.6385955,0.5519754,0.5587439,0.3707445,0.2422231,0.1524216,0.04296085,-0.06557259,-0.157126,-0.2369522,-0.3103181,-0.370407,-0.4185473,-0.4637146,-0.4966146,-0.5253684,-0.5521159,-0.5720745,-0.5905856,-0.6041504,-0.6172331,-0.6272535,-0.6373037,-0.6445036,-0.6502593,-0.6546284,-0.6591134,-0.6619123,-0.6634697,-0.6646912,-0.6656552,-0.6658175,-0.6653389,-0.6646234,-0.6632364,-0.6616611,-0.660045,-0.6576956,-0.655264,-0.6523949,-0.6496017,-0.6462719,-0.6430413,-0.6387474,-0.6346849,-0.6310637,-0.6266134,-0.6222024,-0.6175392,-0.6128504,-0.6082735,-0.6037009,-0.5988881,-0.5942149,-0.589283,-0.5843808,-0.5795388
Kupilu,Ashodhit,EtOAC,EAKBD2,-0.3891779,-2.63563,0.4875543,-0.6816131,-2.265458,-1.351096,-0.9385437,-0.129637,0.4306956,1.433433,0.819204,-0.3101246,1.1352,-0.1021013,-1.157068,-2.562721,-1.513426,0.4587731,0.2006631,-0.07851231,-0.6965175,-1.961031,-0.5038114,-0.8244783,-0.802996,-1.225707,-1.016541,0.4136447,1.507945,0.5064733,-0.3890957,0.5360362,-0.239768,-0.9272676,1.351816,0.871295,0.5905992,0.8640894,0.5948485,0.9304306,0.7325103,0.1274125,0.2909598,0.02782346,0.6991161,0.3897562,0.5046291,1.035832,0.5860679,1.069243,1.060927,0.9043865,0.2607873,-0.3848864,0.8610386,-0.1763776,0.8020246,0.1284145,0.3990909,0.4419149,0.2602189,0.9775347,0.8705691,1.35786,1.428415,1.454361,1.571056,1.599436,1.641286,1.650195,1.460354,1.710761,1.637387,1.581545,1.661406,1.66579,1.552731,1.622881,1.451806,1.523361,1.115792,1.024275,0.9955852,0.9330051,0.8276758,0.7664451,0.6476444,0.5326595,0.4621253,0.4071743,0.3497787,0.2961599,0.2328829,0.1894504,0.1464513,0.1342385,0.1160893,0.1089986,0.1152319,0.1335593,0.1498003,0.1689536,0.1803692,0.1858858,0.1775576,0.1737413,0.1707375,0.1628721,0.1643948,0.169527,0.1760781,0.1829626,0.1909259,0.1967191,0.1906932,0.1948409,0.2132327,0.1984626,0.1932579,0.1715298,0.1705348,0.143333,0.1200143,0.0862214,0.0521141,0.01032503,-0.04017024,-0.09937395,-0.1534887,-0.2011182,-0.2443666,-0.2772427,-0.2999052,-0.3175819,-0.3343448,-0.3478269,-0.3507169,-0.3586189,-0.3600341,-0.3644798,-0.3667578,-0.3721438,-0.3744344,-0.3790661,-0.38032,-0.3843881,-0.3893869,-0.3951238,-0.4026339,-0.4040143,-0.4098197,-0.4145183,-0.4190012,-0.4250268,-0.4295815,-0.4345102,-0.4403164,-0.4456126,-0.4527496,-0.4589571,-0.4622461,-0.4674142,-0.4710742,-0.4743573,-0.4766772,-0.4783136,-0.4806018,-0.4823447,-0.4833973,-0.4829786,-0.4833123,-0.4839373,-0.4845557,-0.4828139,-0.4813563,-0.4836456,-0.4841968,-0.4829015,-0.4813759,-0.4802176,-0.4788708,-0.4774698,-0.4752369,-0.4736818,-0.47198,-0.4701902,-0.4680385,-0.4660113,-0.4638483,-0.4615945,-0.459448,-0.4570868,-0.4545699,-0.4519118,-0.4495078,-0.446976,-0.444316,-0.4413295,-0.4384127,-0.4356251,-0.4325685,-0.4294865,-0.4262562,-0.4228472,-0.4198398,-0.4166849,-0.4135193,-0.4101441,-0.4067251,-0.4032006,-0.3998606
KMR,Shodhit,EtOAC,ES1BD2,-1.689367,-1.150643,0.08955043,-1.387001,-0.7628997,-1.951505,-1.562086,-1.955659,-1.560864,0.2455839,-2.299127,-0.7089906,-0.2819332,0.6116376,-3.724171,-0.09239728,-0.4397893,-1.013266,-1.201208,0.2220466,1.09352,0.2487824,-1.324785,0.2388464,0.7440275,-1.550082,-2.918791,0.006147296,1.48032,0.6645753,0.6257077,0.8969509,-0.5563325,0.7884404,-0.6717577,0.1187431,0.6287023,0.1296805,0.961735,-0.2405974,0.08754845,1.099478,-1.18749,0.1177582,0.3172844,-0.317779,0.6779623,1.277088,0.4523469,0.06524917,-0.2715492,0.1941389,0.3025069,0.7907946,1.03565,-0.4723263,0.1422319,0.4431673,0.6648031,0.381499,0.1918035,0.7978476,0.6711231,0.8574714,0.8677293,0.9694819,0.8634097,0.8335488,0.8522172,0.8728147,0.7463544,0.7036102,0.7307272,0.7180709,0.6698375,0.6116465,0.4172399,0.5497439,0.4645771,0.4354318,0.4205293,0.3832485,0.3237574,0.1985226,0.1980805,0.1535012,0.196943,0.1578411,0.06692675,0.06561843,0.02578809,-0.1159035,-0.0902883,-0.05643361,-0.1368491,-0.09827309,-0.1710125,-0.1875786,-0.231524,-0.1062692,-0.120326,-0.1109094,-0.2768917,-0.08574706,-0.06893505,-0.04467007,-0.0833618,-0.1017296,-0.03093728,0.008805628,0.02585535,0.0523799,0.05942251,0.1080705,0.07022655,0.006850985,0.1989753,-0.04564084,-0.2632638,0.09338243,0.2695576,0.251865,0.2438123,0.2683188,0.2881407,0.4234882,0.2853426,0.297999,0.4638861,0.6041062,0.5634388,0.6035356,0.7341359,0.2884952,0.7791882,0.5014546,0.7032504,0.5305543,0.8504092,0.9781487,1.087902,1.10244,1.092377,0.8569648,1.227619,1.231771,1.021211,1.247976,1.124925,1.530603,1.588807,1.281431,1.500861,1.782977,1.397305,1.657613,1.680391,1.732671,1.726808,1.642299,1.972753,1.683946,1.615704,1.321854,1.02091,0.7729933,0.5742165,0.4373381,0.3068189,0.2297815,0.1134116,0.04897294,-0.02758902,-0.08546321,-0.136234,-0.1858474,-0.2276184,-0.2611536,-0.2930902,-0.3159159,-0.3406835,-0.3605631,-0.3766937,-0.3921594,-0.4062326,-0.4180867,-0.4274997,-0.436521,-0.44418,-0.4505345,-0.4566533,-0.4616344,-0.4655554,-0.4690915,-0.4721079,-0.4742447,-0.4762091,-0.4766212,-0.4776691,-0.4773607,-0.4764345,-0.4753274,-0.4737429,-0.4722863,-0.4700692,-0.4675911,-0.4649702,-0.4621384,-0.4585118,-0.4550934,-0.4514679
KMR,Shodhit,EtOAC,ES2BD2,1.272365,-2.545889,-2.296983,-2.152778,-0.5869077,-0.7258965,-1.034954,-1.67677,-0.1747957,0.2130176,0.3205936,0.2145066,-0.3297309,-2.284577,-3.446066,-0.3392458,-0.8070754,0.7963414,0.984969,-0.4615296,-0.4325432,0.3233775,-0.4553335,0.5939337,-0.812604,-0.1106173,-1.388407,0.4694848,0.2617225,0.6781725,1.642846,0.9898647,0.5783289,1.359258,-0.9808552,1.787832,0.2769849,0.7411186,0.008266996,-0.9929809,-0.02678542,-0.02180615,0.06428364,0.02745801,-0.6773787,0.487822,0.008234337,0.784694,0.377581,0.5235132,-0.036863,0.3152961,-0.610157,0.4336537,0.6436995,-0.07232793,0.09798088,0.6769881,0.5360496,1.399917,0.6159606,0.3761989,1.096129,0.6067543,0.6790239,0.7978385,0.958712,0.9019857,0.8255202,0.8377597,0.8460947,0.8213391,0.7583659,0.6423158,0.6174885,0.5766909,0.5883585,0.4273024,0.34056,0.4034451,0.3374361,0.2430152,0.2974486,0.2012834,0.2353323,0.0888244,0.08169858,0.1511776,0.05478405,0.07298972,0.03013544,-0.02165478,-0.02902094,-0.1329695,-0.029574,-0.08464042,-0.07359961,-0.1324198,-0.1429133,-0.1228395,-0.2026013,-0.3076017,-0.1656638,-0.1003968,-0.11387,-0.08725891,-0.123474,-0.05575016,-0.1208723,-0.08564989,-0.09070098,-0.04794251,-0.07970335,0.04134786,-0.04063202,-0.07703618,-0.2398486,0.001408173,-0.07654461,-0.2544201,-0.01309461,-0.03994081,0.008324819,-0.04050351,-0.03194711,0.1734437,-0.1391956,0.1947781,0.3582405,-0.07399429,0.5289341,0.5593504,0.332041,0.5798482,0.5684146,0.7448336,0.7135312,0.7812841,0.6728504,0.8733331,0.7320475,1.015776,0.4937709,1.004438,0.9558851,0.756175,0.9541936,0.9096072,0.7713931,0.9462517,0.9091325,1.109092,0.9139967,0.9973512,0.9832479,1.588581,1.447217,1.641375,1.27616,1.603668,1.637623,1.682488,1.288166,1.276648,1.039621,0.8865453,0.5214541,0.3482492,0.2596839,0.1270583,0.04465344,-0.01581656,-0.09097766,-0.1511149,-0.203224,-0.2458073,-0.2835832,-0.3167063,-0.3444364,-0.3653987,-0.3890946,-0.4062206,-0.4208389,-0.4349965,-0.4474914,-0.4576087,-0.4659509,-0.4737889,-0.4798312,-0.484001,-0.4890293,-0.4923191,-0.4942225,-0.4959675,-0.4978451,-0.4984864,-0.49805,-0.4965729,-0.4950983,-0.4932656,-0.4905625,-0.4873326,-0.4833712,-0.4796038,-0.4759821,-0.4720445,-0.4673175,-0.4632156,-0.4583006,-0.4534224,-0.4482132
KMR,Shodhit,EtOAC,ES3BD2,0.909169,-0.240589,-1.645345,-2.00441,-1.775685,-1.205446,-0.4972475,-1.183085,-0.1549419,-1.082771,-2.245303,-0.6745386,-0.1749574,0.406387,0.4000456,-1.075405,0.4813616,0.01625402,-0.8636979,-2.188513,1.58676,-0.7160521,-0.9503306,0.7674696,-0.1582729,-0.9386672,-0.4766385,0.1139859,-0.3449623,0.5115869,0.52778,0.3158914,-0.08063725,0.5346378,-1.395797,0.9959199,0.2141203,0.2931213,0.2051672,-0.6381362,0.09014903,0.01466885,1.025835,0.73647,0.526778,0.7424618,-0.371346,0.2264005,1.287716,0.3382037,0.433376,-0.4699192,0.231086,-1.072408,-0.3267014,0.4207172,0.5570637,0.6481297,0.4398643,0.03388958,-0.4000306,0.5316969,0.7350625,0.4657559,0.07107329,0.06667266,-0.004742996,0.01077177,0.03115842,0.016982,0.02866396,0.03593032,0.04316342,0.0332485,0.06908359,0.1030372,0.2299557,0.2670648,0.258082,0.312357,0.3386029,0.4264284,0.3865299,0.4779888,0.5643684,0.6695346,0.5958078,0.6714872,0.7239247,0.9236965,0.9540437,1.087102,1.065896,1.152445,1.227968,1.182184,1.068914,1.122582,1.23472,1.273371,1.070996,1.259596,1.26195,1.351413,1.372088,1.268912,1.322748,1.409081,1.319507,1.371638,1.399235,1.263068,1.094304,1.017466,0.8282447,0.7690518,0.9893103,0.8705775,0.9894166,0.7053366,0.6085289,0.5119175,0.6005172,0.5300218,0.5283062,0.4783085,0.437831,0.5099058,0.5060253,0.4825283,0.4526341,0.5069326,0.4921195,0.4229881,0.4051414,0.4292625,0.4403437,0.3858153,0.4127168,0.3677767,0.3743322,0.3565286,0.3295425,0.3039478,0.2501195,0.2192519,0.1981802,0.1740864,0.1495435,0.132056,0.1070185,0.09719454,0.08447191,0.07212712,0.05473006,0.0213758,-0.01679167,-0.0681028,-0.1260688,-0.1835615,-0.2424191,-0.2934662,-0.3432332,-0.3853462,-0.4223932,-0.4517531,-0.4761865,-0.4971223,-0.5135421,-0.5274031,-0.5383393,-0.5480498,-0.5559496,-0.5609594,-0.5662903,-0.569497,-0.5728814,-0.5749362,-0.5760901,-0.5770201,-0.5773646,-0.577267,-0.576264,-0.5755239,-0.5743394,-0.5729181,-0.5711033,-0.5689812,-0.5666402,-0.5645048,-0.5621451,-0.5594361,-0.5565885,-0.5535224,-0.5504023,-0.5471654,-0.5438857,-0.5401952,-0.5364885,-0.5327938,-0.5288949,-0.5250648,-0.5210431,-0.516875,-0.5129729,-0.5090923,-0.5051721,-0.5011802,-0.4969632,-0.4929628,-0.4889807
Kupilu,Shodhit,EtOAC,ESKBD2,-3.053644,-1.291677,-0.4058192,0.2121224,0.09765237,-0.1014821,-0.134579,0.5958652,-1.19999,0.093532,2.427039,-0.7426522,0.3142717,1.783724,-0.3891365,0.3778598,-0.3054394,-0.5962589,-0.6274435,1.681253,0.3912161,-0.1477459,0.8497673,1.401822,1.697871,0.4509435,-1.843128,-0.2752534,-0.4331851,1.501621,1.326514,1.052278,1.893562,1.338011,1.204125,2.179771,0.6485548,1.363207,0.7146362,0.7910326,1.847943,0.03370932,1.157796,0.9944291,0.6132658,0.2868466,0.2623313,-0.142717,0.8273402,-0.0272829,0.9858058,0.9814453,1.321422,1.030734,0.8532541,0.4744499,0.4706668,-0.7087715,0.1184896,0.5909091,0.03970695,0.782463,1.324526,0.6601578,0.7588891,0.9224285,0.8740325,0.8441998,0.7909092,0.7750628,0.7373035,0.7530843,0.7228394,0.7036251,0.6449237,0.6117621,0.5645564,0.5170895,0.5064157,0.4875626,0.3925695,0.3136893,0.2541061,0.2183447,0.1787521,0.1500914,0.1258806,0.1027812,0.06770183,0.03249384,-0.01701787,-0.06018604,-0.09554534,-0.1419734,-0.1846788,-0.2208951,-0.2439414,-0.2570526,-0.2522439,-0.245175,-0.2348691,-0.2206679,-0.2127576,-0.210542,-0.2152323,-0.2165353,-0.2241938,-0.2275221,-0.2294907,-0.2282329,-0.2227935,-0.2145991,-0.2083451,-0.1991056,-0.1934,-0.1897938,-0.176229,-0.1854309,-0.2008434,-0.211141,-0.2225371,-0.2373238,-0.2535695,-0.2622159,-0.2814351,-0.2994853,-0.3181506,-0.3411686,-0.3614305,-0.3830858,-0.3972539,-0.4070574,-0.4137479,-0.4200291,-0.4175059,-0.421366,-0.4182414,-0.4151066,-0.4067936,-0.4063912,-0.4042561,-0.4014928,-0.4007728,-0.3985562,-0.4041306,-0.4005104,-0.4026846,-0.4040367,-0.404547,-0.4038361,-0.4015519,-0.403686,-0.4039756,-0.4025837,-0.4009827,-0.4020456,-0.4063108,-0.4130186,-0.417831,-0.4258748,-0.4331844,-0.4391022,-0.4469347,-0.4518506,-0.4574862,-0.4620077,-0.4626853,-0.4668181,-0.4690022,-0.4691583,-0.4675817,-0.4705565,-0.4690225,-0.4674457,-0.4663995,-0.46818,-0.4685286,-0.4667274,-0.4652453,-0.4636606,-0.4624852,-0.4605137,-0.4589196,-0.4568947,-0.4553832,-0.453775,-0.4522049,-0.4499539,-0.4474167,-0.4452333,-0.4431875,-0.4407139,-0.4383459,-0.4358379,-0.4335082,-0.4308989,-0.4283592,-0.4252783,-0.4225399,-0.4197152,-0.4167563,-0.4136625,-0.4105555,-0.4074657,-0.4046075,-0.4017379,-0.3989335,-0.3960711,-0.3929056,-0.390001,-0.387098
