Reference,Shodhan,Solvent,Extracts,801,802,803,804,805,806,807,808,809,810,811,812,813,814,815,816,817,818,819,820,821,822,823,824,825,826,827,828,829,830,831,832,833,834,835,836,837,838,839,840,841,842,843,844,845,846,847,848,849,850,851,852,853,854,855,856,857,858,859,860,861,862,863,864,865,866,867,868,869,870,871,872,873,874,875,876,877,878,879,880,881,882,883,884,885,886,887,888,889,890,891,892,893,894,895,896,897,898,899,900,901,902,903,904,905,906,907,908,909,910,911,912,913,914,915,916,917,918,919,920,921,922,923,924,925,926,927,928,929,930,931,932,933,934,935,936,937,938,939,940,941,942,943,944,945,946,947,948,949,950,951,952,953,954,955,956,957,958,959,960,961,962,963,964,965,966,967,968,969,970,971,972,973,974,975,976,977,978,979,980,981,982,983,984,985,986,987,988,989,990,991,992,993,994,995,996,997,998,999,1000,1001,1002,1003,1004,1005,1006,1007,1008,1009,1010,1011,1012,1013,1014,1015,1016,1017,1018,1019,1020,1021,1022,1023,1024,1025,1026,1027,1028,1029,1030,1031,1032,1033,1034,1035,1036,1037,1038,1039,1040,1041,1042,1043,1044,1045,1046,1047,1048,1049,1050,1051,1052,1053,1054,1055,1056,1057,1058,1059,1060,1061,1062,1063,1064,1065,1066,1067,1068,1069,1070,1071,1072,1073,1074,1075,1076,1077,1078,1079,1080,1081,1082,1083,1084,1085,1086,1087,1088,1089,1090,1091,1092,1093,1094,1095,1096,1097,1098,1099,1100
KMR,Ashodhit,Water,WABD2,0.0313045,0.03149209,0.0317055,0.03191417,0.03211802,0.03230182,0.03248097,0.03271654,0.03291717,0.03315941,0.03341305,0.03367836,0.03400111,0.03427449,0.0346059,0.03484287,0.03509195,0.03536836,0.03558036,0.03572782,0.03593273,0.03613405,0.036286,0.03648014,0.03664016,0.03678125,0.03691818,0.03709667,0.03725569,0.03739525,0.0375152,0.03758499,0.03772669,0.037864,0.03798153,0.03803369,0.03814258,0.03827769,0.03839351,0.03858194,0.03873627,0.03891779,0.03905056,0.03919575,0.03933828,0.0394478,0.0395245,0.03956834,0.03960946,0.03969343,0.03974388,0.03980652,0.03985084,0.03989214,0.04000668,0.0401029,0.04019615,0.04027139,0.0403438,0.04042853,0.04047986,0.04052836,0.04060453,0.04069335,0.04079507,0.0408794,0.04102281,0.04111867,0.04121293,0.04127511,0.04138156,0.0414865,0.04155945,0.04164619,0.04168574,0.04170873,0.04173057,0.04172077,0.04175573,0.04177453,0.04177723,0.04173348,0.04173527,0.04172118,0.04175229,0.04176795,0.04181389,0.04182879,0.0418733,0.041947,0.0420187,0.04210291,0.04215328,0.04224583,0.04230427,0.04237439,0.04242565,0.04248858,0.0425174,0.04252738,0.04256428,0.04255181,0.04255101,0.04248559,0.04240131,0.04234397,0.04228303,0.04217273,0.04213513,0.04209393,0.04203363,0.04193859,0.0418087,0.04170481,0.04158096,0.04143697,0.04125764,0.04111913,0.040945,0.04075061,0.04061234,0.04043868,0.04029074,0.04012299,0.03998132,0.03986579,0.03968474,0.03948401,0.03930936,0.0391454,0.03896162,0.03875811,0.03856525,0.03832179,0.03805802,0.03777376,0.03748409,0.03720411,0.03687272,0.03656618,0.03623871,0.03592079,0.03559715,0.03523724,0.0348867,0.03448436,0.03409121,0.03372242,0.03330157,0.03287438,0.03242542,0.031939,0.03138441,0.03086829,0.03034474,0.02981383,0.02932184,0.02889976,0.02851761,0.02814554,0.02781482,0.02755635,0.02730894,0.02705709,0.02681599,0.02653971,0.02628921,0.02606444,0.02581946,0.02556938,0.02532959,0.02510015,0.0248048,0.02451983,0.02422999,0.02396571,0.02371173,0.02342199,0.02311169,0.02288749,0.02262724,0.02239187,0.02210524,0.02179791,0.02150051,0.0211978,0.02088973,0.0205763,0.02025734,0.01993275,0.01966339,0.01935753,0.01907604,0.01878839,0.01849468,0.01819507,0.01782871,0.01745682,0.01707957,0.01669709,0.01630948,0.01587099,0.01544289,0.01502588,0.01454424,0.01410479,0.01361598,0.01313883,0.01268861,0.01221954,0.01173175,0.01125612,0.01074682,0.01023442,0.009673314,0.009109369,0.008542586,0.007927498,0.007340619,0.006766514,0.006205094,0.005625931,0.005074756,0.004490357,0.003933947,0.003420785,0.002798193,0.002249278,0.001697789,0.001158985,0.000571611,-3.21E-06,-0.000611299,-0.001191533,-0.001743778,-0.002359499,-0.002977616,-0.003582694,-0.0041746,-0.004799243,-0.00542615,-0.006070624,-0.006732664,-0.007381754,-0.008033063,-0.008732368,-0.00938785,-0.01009098,-0.01079583,-0.01150234,-0.01224091,-0.01295066,-0.01373843,-0.01446704,-0.01519751,-0.01594506,-0.01667917,-0.01735389,-0.01807595,-0.01872309,-0.01940195,-0.02011235,-0.02080852,-0.02147529,-0.0221586,-0.02281287,-0.0234993,-0.02412651,-0.02480146,-0.02547844,-0.02615752,-0.02682364,-0.02750804,-0.02816551,-0.02885709,-0.02955226,-0.03029679,-0.0310144,-0.0317356,-0.03249104,-0.0332353,-0.03401411,-0.03473596,-0.03549258,-0.03632984,-0.03712567,-0.03792615,-0.03877727,-0.0396331,-0.04043249,-0.04122133,-0.04207585,-0.04293484,-0.04375272,-0.04463628,-0.0454481,-0.04629501,-0.04717705,-0.04803318,-0.04893929
Kupilu,Ashodhit,Water,WAKBD2,0.02807939,0.02827649,0.02849947,0.02873298,0.02894641,0.0291551,0.02935915,0.0295892,0.02984548,0.03011291,0.03036114,0.03060588,0.03096923,0.03126819,0.03156441,0.0318577,0.03213251,0.03238874,0.03261105,0.03278413,0.03298428,0.03318094,0.03335808,0.03354625,0.03369951,0.03383314,0.03400812,0.03414811,0.0342989,0.03443004,0.03457181,0.03463259,0.0347345,0.0348775,0.0349699,0.03504239,0.0351409,0.0352655,0.03541659,0.03562504,0.03579944,0.03592461,0.0360921,0.03622563,0.03640149,0.03651356,0.03660852,0.03667093,0.03668535,0.03675877,0.03683002,0.03688371,0.03693523,0.03701533,0.03712404,0.03724624,0.03736685,0.03745552,0.03755795,0.03765878,0.03771234,0.03781025,0.03793714,0.03803226,0.03817211,0.03829585,0.0384647,0.03860269,0.03872523,0.03886308,0.03901632,0.03913926,0.03927778,0.03937086,0.03947961,0.03958893,0.03969891,0.03976391,0.03981453,0.03989674,0.03996483,0.03997353,0.04006055,0.04016469,0.04024061,0.0403804,0.04050749,0.04063666,0.04078242,0.04092857,0.04111975,0.04132437,0.04152611,0.04175493,0.04193452,0.04212591,0.04231386,0.04245257,0.04263362,0.04273492,0.0428938,0.04300346,0.04307915,0.0430751,0.04312863,0.04316345,0.04319482,0.04319223,0.04323196,0.04326823,0.04325529,0.04319311,0.04312749,0.04307367,0.04303096,0.04290651,0.04274597,0.04261028,0.04249919,0.04233643,0.04219844,0.0420548,0.04192066,0.04175038,0.0416051,0.04146949,0.04128246,0.04108984,0.04092209,0.04071802,0.0405082,0.04030802,0.04013257,0.03987498,0.03962659,0.03931093,0.03901924,0.03870557,0.03835444,0.03799627,0.03761573,0.03725849,0.03687874,0.03647643,0.03606665,0.03558827,0.03516322,0.03469988,0.03422857,0.0337187,0.03316977,0.03253552,0.03186129,0.03119259,0.03054446,0.02987147,0.02931152,0.02878913,0.02835099,0.02798299,0.02767094,0.02744629,0.02726321,0.02704502,0.02686778,0.02667037,0.02649843,0.0263215,0.02612418,0.02590642,0.0257294,0.02554738,0.02529919,0.02506104,0.02486345,0.02469102,0.02448264,0.02425338,0.02401828,0.0238535,0.0237284,0.02353598,0.02332198,0.02311708,0.02293647,0.02271906,0.02252593,0.02229617,0.02204488,0.02178727,0.02159944,0.02138972,0.02118832,0.02094958,0.02076507,0.0204975,0.02025381,0.02000375,0.0196862,0.01937763,0.01910881,0.01877286,0.01840047,0.01808349,0.01768486,0.01728088,0.01682604,0.01642715,0.01599327,0.01557249,0.01519544,0.01474011,0.0142827,0.01382321,0.01331569,0.01282109,0.01230892,0.01173382,0.01120281,0.01065486,0.01012062,0.009615441,0.009093409,0.008554525,0.008029352,0.007548671,0.007020799,0.006522028,0.006006627,0.005535896,0.004986703,0.004450469,0.003881416,0.003340802,0.002828715,0.002284252,0.001722628,0.001159234,0.000639892,8.82E-05,-0.000495966,-0.001051356,-0.001638946,-0.002273992,-0.00288007,-0.003502867,-0.004157465,-0.004828383,-0.005500231,-0.006157616,-0.006876657,-0.007596273,-0.008347158,-0.009037673,-0.009759325,-0.01048164,-0.01122001,-0.01189797,-0.01256124,-0.0131944,-0.01388885,-0.014568,-0.01524724,-0.0158808,-0.01652974,-0.01719421,-0.01787447,-0.01847888,-0.01908391,-0.0197356,-0.02041861,-0.02110259,-0.02177259,-0.02242888,-0.02311724,-0.02380742,-0.02452992,-0.0252396,-0.02593875,-0.02673432,-0.02748903,-0.02824855,-0.02895186,-0.02967508,-0.03043337,-0.031181,-0.03197941,-0.03284407,-0.03366817,-0.03445185,-0.03527149,-0.03612695,-0.03697246,-0.03782332,-0.03864929,-0.03958755,-0.04042448,-0.04129746,-0.0421915,-0.04313591
KMR,Shodhit,Water,WS1BD2,0.04692758,0.04705857,0.04721602,0.0473385,0.04748629,0.04759849,0.04775147,0.04791491,0.04807375,0.04827414,0.04848564,0.04864731,0.04892721,0.04915812,0.04935525,0.04957963,0.0498157,0.05000238,0.05015484,0.05025778,0.05034148,0.05049742,0.05060353,0.05072084,0.05083409,0.05091277,0.0510179,0.05110372,0.05120074,0.05129371,0.05136735,0.05140642,0.05147196,0.05153312,0.05157426,0.05158016,0.05161195,0.05168501,0.0517691,0.05187977,0.05194102,0.05204433,0.05209812,0.05219412,0.05227133,0.05228402,0.05229345,0.05225385,0.05219576,0.05217971,0.05215964,0.05213538,0.0520765,0.0520746,0.05206851,0.05205819,0.05207428,0.05207109,0.0520486,0.05202191,0.05196064,0.05192579,0.05188684,0.05187453,0.05187381,0.05186962,0.05187737,0.05186678,0.0518532,0.05179098,0.05178688,0.05176466,0.05173958,0.05169642,0.05157419,0.05149509,0.05142852,0.05128284,0.05118025,0.05109019,0.05095153,0.05076428,0.05063484,0.05048697,0.05039714,0.05024363,0.05014839,0.05001963,0.04988765,0.04979809,0.04970488,0.04962296,0.04952172,0.0494622,0.04935285,0.0492547,0.04915249,0.04904622,0.04890537,0.04874521,0.04864203,0.04848901,0.04831668,0.04809451,0.04786829,0.04765326,0.04743418,0.04718053,0.04702949,0.04682822,0.04660729,0.04638198,0.04612161,0.04588717,0.0456481,0.04538892,0.04506385,0.04477965,0.04450569,0.04419622,0.04392772,0.04363928,0.04337672,0.0430945,0.0428386,0.04262438,0.04234493,0.04203082,0.04174312,0.04148162,0.04117002,0.04086944,0.04056454,0.04022467,0.03989542,0.03950033,0.03911547,0.03871023,0.03831499,0.03791455,0.03750886,0.03708265,0.03665115,0.03621431,0.03577199,0.03529378,0.0348713,0.03444339,0.03393381,0.03347996,0.03300534,0.0324792,0.03194733,0.03140954,0.03086579,0.03034678,0.02985281,0.0293994,0.02892589,0.02847844,0.02807253,0.02766216,0.02724725,0.02685836,0.0264191,0.02597526,0.02557264,0.02513492,0.02470774,0.02426062,0.02383935,0.02339818,0.02293707,0.02247125,0.02201609,0.02158682,0.02107658,0.0206074,0.02013344,0.01966977,0.01923162,0.01877327,0.01827946,0.01776563,0.0172775,0.01675401,0.01628665,0.01578392,0.01526085,0.01473267,0.01426027,0.01378244,0.01329892,0.0128097,0.01234544,0.01184519,0.01129387,0.01075273,0.01017626,0.009610993,0.009041669,0.008453029,0.007860331,0.007278834,0.006632245,0.006027373,0.005372668,0.004790199,0.004157896,0.003506277,0.002881117,0.0022519,0.001603366,0.000920258,0.000233091,-0.000488651,-0.001214141,-0.001973455,-0.002705335,-0.003409827,-0.004148142,-0.004859113,-0.005527481,-0.006244975,-0.006950516,-0.007628801,-0.008356168,-0.009056323,-0.009744437,-0.01043528,-0.01115964,-0.01188731,-0.01261859,-0.01332287,-0.01406121,-0.01480311,-0.0155638,-0.01631263,-0.01706489,-0.0178206,-0.01854927,-0.01932715,-0.02013894,-0.02089323,-0.02174255,-0.02254954,-0.02337518,-0.02420416,-0.0250668,-0.02590204,-0.0268015,-0.02768886,-0.02859484,-0.02945835,-0.03032511,-0.03122562,-0.03212938,-0.03297515,-0.03385443,-0.03469081,-0.0355146,-0.03640186,-0.03724576,-0.03807695,-0.03897183,-0.03980848,-0.04064818,-0.04149118,-0.04229247,-0.04315884,-0.04402928,-0.04487325,-0.0457518,-0.04661915,-0.0474753,-0.04836602,-0.04927606,-0.05019016,-0.0510778,-0.05203053,-0.0529568,-0.05391764,-0.05482151,-0.05575995,-0.05673297,-0.05772562,-0.05870781,-0.05974082,-0.0607788,-0.06176057,-0.06271676,-0.06376944,-0.06482689,-0.06582811,-0.06684945,-0.06784507,-0.06890655,-0.06998818,-0.07104458,-0.07222778
KMR,Shodhit,Water,WS2BD2,0.07675319,0.07672905,0.07675938,0.07678303,0.0767543,0.07673464,0.0768004,0.07678396,0.07679256,0.07685699,0.0769317,0.07700227,0.07716051,0.07722345,0.07732847,0.07739923,0.07746597,0.07755909,0.07758668,0.07753334,0.07753623,0.07754917,0.07752622,0.07749775,0.07746373,0.07739349,0.07737869,0.07734298,0.07730184,0.0772858,0.07720321,0.07711501,0.0770366,0.07698329,0.07687873,0.07675357,0.07662321,0.07654889,0.07646955,0.07641571,0.07634161,0.07626263,0.07617879,0.07612057,0.0760269,0.07589768,0.07574813,0.07559298,0.07537106,0.07520453,0.07503217,0.07482307,0.07460775,0.07441686,0.07426557,0.07412331,0.07392919,0.07372907,0.07353798,0.07327951,0.07306041,0.07281965,0.07258776,0.07236503,0.07218208,0.07196279,0.07175306,0.07153769,0.07130128,0.07104378,0.07078047,0.0705422,0.07028311,0.06998781,0.06965618,0.06933393,0.06903602,0.06868603,0.0683299,0.06799794,0.0675981,0.06717611,0.06677785,0.06640326,0.06603718,0.06563396,0.0652242,0.06482314,0.06440023,0.06400136,0.06359613,0.0631999,0.06279766,0.06243511,0.06197505,0.06158529,0.06114384,0.06074216,0.06031926,0.05984526,0.05941182,0.05895783,0.05849837,0.05797245,0.05747141,0.05694954,0.05645245,0.05588891,0.05542706,0.05497544,0.05448823,0.05395026,0.05339192,0.05290471,0.05241247,0.05188469,0.05129089,0.05075327,0.0502411,0.04967808,0.04915585,0.04864398,0.04814226,0.04760508,0.04710861,0.04665293,0.04616183,0.04563546,0.04513488,0.04461459,0.0441052,0.04356097,0.04304289,0.04248993,0.04191748,0.04129503,0.04069885,0.04006789,0.03949368,0.03886929,0.03825531,0.03762113,0.03701257,0.03641459,0.03578147,0.03512864,0.03451748,0.0339024,0.03325302,0.03263058,0.0320504,0.03140539,0.03074116,0.03013386,0.02950703,0.028891,0.02828578,0.02767602,0.02704628,0.02639648,0.02574195,0.02508262,0.02438793,0.02367325,0.02292334,0.02218402,0.02142485,0.02066122,0.0199077,0.01910337,0.01838552,0.01760152,0.0167971,0.01600283,0.01518804,0.01439853,0.01357333,0.01272763,0.0118769,0.01106688,0.010252,0.009401845,0.008577753,0.0077033,0.006809047,0.00594077,0.005098248,0.00420501,0.003337306,0.002449316,0.001632503,0.00079558,-4.62E-05,-0.000908032,-0.00171351,-0.002584918,-0.003476789,-0.004389301,-0.005292334,-0.006216539,-0.007146655,-0.008082729,-0.0090095,-0.00994236,-0.01094234,-0.01190264,-0.01286899,-0.01381086,-0.0147739,-0.01575807,-0.01673276,-0.01769801,-0.01868448,-0.01973777,-0.02078166,-0.02180113,-0.02290306,-0.02401105,-0.02510951,-0.02618327,-0.02724747,-0.02830179,-0.02936136,-0.03044157,-0.03148095,-0.03251,-0.03358982,-0.03464383,-0.03568713,-0.03671967,-0.03780283,-0.03887589,-0.0399393,-0.04105409,-0.04211349,-0.04323966,-0.0443717,-0.04550956,-0.04663821,-0.04780338,-0.04894403,-0.05010594,-0.05127385,-0.05243251,-0.05362772,-0.05481386,-0.05605195,-0.05725057,-0.05848598,-0.05969735,-0.06099147,-0.06224656,-0.06358474,-0.06486882,-0.06615973,-0.0674574,-0.06871578,-0.06999578,-0.0712666,-0.07249756,-0.073765,-0.07506878,-0.07633247,-0.07758668,-0.0788771,-0.08014252,-0.08141332,-0.08265885,-0.08389433,-0.08519609,-0.08650301,-0.0877388,-0.08902552,-0.09025638,-0.09155342,-0.09285563,-0.094163,-0.09547552,-0.09682373,-0.09819236,-0.09952036,-0.1008841,-0.102238,-0.1035974,-0.1049776,-0.1063634,-0.1078161,-0.1092598,-0.1107553,-0.1121501,-0.1135358,-0.1150497,-0.1165236,-0.1179426,-0.1194592,-0.120875,-0.1223731,-0.1239079,-0.1253878,-0.1269805
KMR,Shodhit,Water,WS3BD2,0.07229503,0.0722049,0.07216956,0.07211257,0.0720339,0.0719795,0.07191898,0.0718983,0.07187194,0.07185539,0.0718489,0.07185271,0.07188273,0.07192424,0.07194681,0.07193517,0.07195023,0.07196152,0.07196899,0.07186574,0.07180388,0.0717524,0.07168038,0.07157253,0.07147456,0.07137128,0.07130849,0.0712254,0.0711222,0.0710297,0.07094789,0.07084633,0.0707403,0.07059958,0.07046985,0.07030535,0.07015185,0.07002478,0.06987828,0.06980387,0.06967968,0.06958219,0.06948084,0.06939088,0.06928176,0.06912296,0.06891452,0.06870138,0.06845276,0.06822977,0.06801708,0.06776863,0.06749952,0.06725578,0.06708319,0.06687493,0.06669228,0.0664744,0.06623634,0.06602387,0.06579109,0.06553813,0.06534146,0.06514013,0.06493423,0.06470908,0.0645257,0.06432308,0.06408603,0.06387569,0.063631,0.06341302,0.06313023,0.06288945,0.06258376,0.06230487,0.0620528,0.06175141,0.06147703,0.0611991,0.06084128,0.06046424,0.0601286,0.05977321,0.05944395,0.05906469,0.05871165,0.05833892,0.05797678,0.05765581,0.05734526,0.05701475,0.05666442,0.05635529,0.05599581,0.05563234,0.05526505,0.0548786,0.0545035,0.05407868,0.0536802,0.05326216,0.05283968,0.05232104,0.05184355,0.05139202,0.05095104,0.05045981,0.05002535,0.04960172,0.04912774,0.04864927,0.04815107,0.04769421,0.04726343,0.04676726,0.04625145,0.04574654,0.04526759,0.04475359,0.04425028,0.04377318,0.04333729,0.04282058,0.04231474,0.04188085,0.04138148,0.04087794,0.0404314,0.03998091,0.03946547,0.03893096,0.03839272,0.0378508,0.03727428,0.03670898,0.03615476,0.03559615,0.03500241,0.03437345,0.03378553,0.03320815,0.03261095,0.03199406,0.03137273,0.03071644,0.03010154,0.0294366,0.0287828,0.02815525,0.02749283,0.02684111,0.02616916,0.02549189,0.02480925,0.02410599,0.02344336,0.0228065,0.0222109,0.02158034,0.02099098,0.02035128,0.01969176,0.01899714,0.01826687,0.01751588,0.01677465,0.01607357,0.01530582,0.01454783,0.01381495,0.01307644,0.01227135,0.01150641,0.01069002,0.009913727,0.009147107,0.008345046,0.007553499,0.006772463,0.006002294,0.005197304,0.004372884,0.003559684,0.002757748,0.001921168,0.001126193,0.000265923,-0.000552919,-0.001376153,-0.00215818,-0.002975161,-0.003781364,-0.004607351,-0.005407389,-0.006227389,-0.007082696,-0.007942971,-0.008838908,-0.009694301,-0.01055501,-0.01146691,-0.01238427,-0.01332251,-0.01426643,-0.01517011,-0.01606395,-0.01696306,-0.01788244,-0.01882174,-0.01973518,-0.02068389,-0.02165277,-0.02261163,-0.02362163,-0.02457614,-0.02561257,-0.02666976,-0.0276861,-0.02866153,-0.02962646,-0.03059551,-0.03153787,-0.03248426,-0.03348033,-0.03444979,-0.0354539,-0.03644696,-0.03741363,-0.03833857,-0.03926781,-0.040232,-0.04117024,-0.04211306,-0.0430757,-0.04404291,-0.04502995,-0.04603682,-0.04704825,-0.048049,-0.04913061,-0.05018627,-0.05127702,-0.05235708,-0.05347222,-0.05454616,-0.05564059,-0.05674026,-0.05782981,-0.05894016,-0.06017821,-0.06133047,-0.06250388,-0.06366811,-0.06486871,-0.06605991,-0.06724156,-0.06839833,-0.06956046,-0.07069726,-0.07185443,-0.07303186,-0.07418361,-0.07530967,-0.076471,-0.07762182,-0.07882312,-0.07998325,-0.08110218,-0.08225619,-0.08341477,-0.08457792,-0.08577616,-0.08694845,-0.08818634,-0.08939829,-0.09059955,-0.09183607,-0.09307764,-0.0943854,-0.09565257,-0.09689427,-0.09811034,-0.09931594,-0.1006179,-0.1019094,-0.1032061,-0.1045235,-0.1058922,-0.1072205,-0.1084933,-0.1098939,-0.111254,-0.1125739,-0.1139604,-0.115276,-0.1166579,-0.1180145,-0.1192999,-0.1206969
Kupilu,Shodhit,Water,WSKBD2,0.09266629,0.09256298,0.09251517,0.09247708,0.09238769,0.09232327,0.09226841,0.09222256,0.09218599,0.09215893,0.09214154,0.09211925,0.09218381,0.09219803,0.09222282,0.09219714,0.0921818,0.09216146,0.09209016,0.09196786,0.09187072,0.09178344,0.0916602,0.09154668,0.09142762,0.09125726,0.09115765,0.09105251,0.09089606,0.09074934,0.09061234,0.09039351,0.09023018,0.0900308,0.0898564,0.0896307,0.08939954,0.08925481,0.08905925,0.08895002,0.08877448,0.08857837,0.08842273,0.08826186,0.08809585,0.08784855,0.08756586,0.08729356,0.08697057,0.08665783,0.08640041,0.0861065,0.08577597,0.0854548,0.08520391,0.08493183,0.08463882,0.0843708,0.08408189,0.08374145,0.08341048,0.08307365,0.08276155,0.08245908,0.08215108,0.08183754,0.08154899,0.0812549,0.08092476,0.08057383,0.08024788,0.07990114,0.07953414,0.07916213,0.0787546,0.07834212,0.07795514,0.07750213,0.07707477,0.07661193,0.07614342,0.07563864,0.07517379,0.07467266,0.07422687,0.07372989,0.07327316,0.07281089,0.07234291,0.07188452,0.07140521,0.07093554,0.07046033,0.07002536,0.06952382,0.06904727,0.06856518,0.06807756,0.06759966,0.06705519,0.06656622,0.06604121,0.06549539,0.06489827,0.06428036,0.06371759,0.06311802,0.06249708,0.06193133,0.06137505,0.06079774,0.06018417,0.05953423,0.05890888,0.05829272,0.05763985,0.05695026,0.05626978,0.05562883,0.05495121,0.05429814,0.0536393,0.05300528,0.05235046,0.05173588,0.05113103,0.05049012,0.04978265,0.04916119,0.04850369,0.04781013,0.04715681,0.0464827,0.04575728,0.04499581,0.04424406,0.04348678,0.04269345,0.04190984,0.0411207,0.04034128,0.03954054,0.03873373,0.03795138,0.0371324,0.03630735,0.0354915,0.03465419,0.03379551,0.03297659,0.03215152,0.03125921,0.03037601,0.02950187,0.0286367,0.02775021,0.02690361,0.02605134,0.02522392,0.02436019,0.02349052,0.02267595,0.02184033,0.0209836,0.02004492,0.01916173,0.01825775,0.01736341,0.01644814,0.01552716,0.01463103,0.01371398,0.01277604,0.01183244,0.010868,0.00995906,0.008983508,0.008002244,0.007045831,0.006098834,0.005145992,0.004202565,0.003192348,0.002206893,0.001200513,0.000218895,-0.000783782,-0.001792347,-0.002791673,-0.003797109,-0.004763098,-0.005766024,-0.006729858,-0.007730318,-0.008675277,-0.009671547,-0.01068861,-0.01175698,-0.01278511,-0.0138493,-0.0148885,-0.01599427,-0.01709031,-0.01819189,-0.019299,-0.02039639,-0.02151457,-0.02260777,-0.02372176,-0.02485654,-0.02599686,-0.02712745,-0.02826358,-0.02945102,-0.03065925,-0.03185776,-0.03307706,-0.03436292,-0.03559329,-0.03684445,-0.03807063,-0.03927182,-0.04046329,-0.04167555,-0.04287809,-0.04410142,-0.04534554,-0.04656433,-0.04780294,-0.04898485,-0.0502477,-0.05148504,-0.05275813,-0.05400609,-0.05525959,-0.05653389,-0.0578594,-0.0591598,-0.06046556,-0.06179198,-0.06310854,-0.06443054,-0.06578847,-0.0671061,-0.06847505,-0.06986475,-0.07127506,-0.072645,-0.07405068,-0.07544633,-0.07692349,-0.07839071,-0.07984799,-0.08128015,-0.08273287,-0.08412984,-0.08559302,-0.08703072,-0.08845813,-0.08985976,-0.09125078,-0.09272248,-0.09415336,-0.09557452,-0.09700121,-0.09843344,-0.0998712,-0.1012229,-0.1026565,-0.1040498,-0.1054945,-0.1069446,-0.1083546,-0.1097395,-0.1112215,-0.1126939,-0.114187,-0.1156856,-0.1171592,-0.11873,-0.12023,-0.1217965,-0.1233381,-0.1248699,-0.1264836,-0.1280418,-0.1296665,-0.1313273,-0.1329783,-0.1346044,-0.1361903,-0.1378732,-0.1395311,-0.1411488,-0.1428484,-0.1444466,-0.1461422,-0.1478593,-0.1494912,-0.1512512
KMR,Ashodhit,PetEther,PABD2,0.08326795,0.0833633,0.08352943,0.08361347,0.08370673,0.08382441,0.08395125,0.08411796,0.08427888,0.08438854,0.08455426,0.08471538,0.08493317,0.08508573,0.08529523,0.08548549,0.08559558,0.08577799,0.08598703,0.08608521,0.08620918,0.0863129,0.08653343,0.08667194,0.08680475,0.08693203,0.08700789,0.08707815,0.08708154,0.08706388,0.08704053,0.08696606,0.08690204,0.08681883,0.08670144,0.08659477,0.08648315,0.08644302,0.08644389,0.08648613,0.08649343,0.08648076,0.08647822,0.08640877,0.08627149,0.08606539,0.08572821,0.08528963,0.08491722,0.08464142,0.08435594,0.08415304,0.08391105,0.08363047,0.08344954,0.08326158,0.083036,0.08275788,0.08254886,0.0822716,0.08204835,0.08184887,0.08167319,0.08149132,0.08134927,0.08112488,0.08078758,0.08047453,0.08015512,0.07984443,0.07949708,0.07925054,0.07892179,0.07861778,0.07835366,0.0780528,0.07780667,0.07749313,0.07715772,0.07683067,0.07638992,0.07598783,0.07556298,0.07513044,0.07473577,0.0742109,0.07373903,0.0733048,0.07280159,0.07242841,0.072094,0.07167653,0.07129856,0.07092954,0.07050825,0.0700806,0.06967706,0.06925209,0.06892769,0.06845983,0.06797124,0.06741578,0.06677745,0.0661171,0.06552589,0.06488149,0.06424518,0.06363264,0.06310484,0.06249431,0.06193885,0.0614385,0.06088678,0.06043661,0.05993563,0.05939932,0.05890402,0.0583734,0.05788369,0.05738904,0.05690444,0.05629256,0.05567507,0.05505113,0.05446626,0.05392053,0.0533072,0.05264172,0.05207701,0.05146074,0.05088441,0.05028722,0.04963891,0.04903085,0.04834099,0.04766086,0.04694434,0.04622169,0.04547755,0.04472713,0.0440007,0.04322227,0.04248334,0.04173827,0.04106363,0.04045998,0.03972891,0.03897765,0.03826748,0.03755237,0.03680157,0.0360457,0.03534583,0.03464075,0.03393042,0.03324504,0.03258444,0.03188736,0.03110798,0.03041419,0.02969936,0.02893336,0.02813169,0.02730976,0.0265591,0.02569659,0.02487474,0.02397143,0.02304756,0.02216324,0.02127256,0.02036031,0.01938084,0.01839479,0.01749353,0.01661582,0.01563926,0.01465537,0.01366415,0.01272663,0.01181251,0.01087612,0.009857422,0.008848069,0.007848323,0.006858316,0.005908876,0.00487811,0.003858189,0.00286477,0.00194363,0.000972565,2.80E-05,-0.000905405,-0.001797317,-0.002831016,-0.003853825,-0.004774987,-0.005839308,-0.006848422,-0.007848195,-0.008930887,-0.009989553,-0.01106975,-0.01218669,-0.01330941,-0.01434579,-0.01544802,-0.01655511,-0.01769734,-0.01878358,-0.01993566,-0.02101608,-0.02208565,-0.02319051,-0.02442203,-0.02556668,-0.02674688,-0.02794692,-0.02910552,-0.03028374,-0.03140561,-0.03259301,-0.03372459,-0.03484585,-0.03594141,-0.03702639,-0.03816173,-0.03928627,-0.04047653,-0.04164197,-0.04289014,-0.04413008,-0.04534649,-0.04655461,-0.04775436,-0.04900674,-0.050266,-0.05153225,-0.05280552,-0.05405547,-0.05540439,-0.05677555,-0.0579245,-0.05912576,-0.06036368,-0.0616076,-0.06285753,-0.0640982,-0.06532962,-0.06668921,-0.06810164,-0.06956709,-0.07090285,-0.07230738,-0.07373517,-0.07527789,-0.07682927,-0.07838945,-0.07988212,-0.08135263,-0.08278553,-0.08431789,-0.08582747,-0.08729891,-0.08877804,-0.09026436,-0.09166594,-0.09307414,-0.09451948,-0.09603209,-0.09741368,-0.09887832,-0.1004721,-0.1020579,-0.1036821,-0.1053147,-0.1069555,-0.1085741,-0.1102161,-0.1118359,-0.1135402,-0.1152223,-0.1168974,-0.118581,-0.1202731,-0.1220652,-0.1237748,-0.1256765,-0.1274193,-0.1290943,-0.1308082,-0.1325297,-0.1341672,-0.1359342,-0.1376323,-0.139353,-0.1411272,-0.1428631,-0.1446517
KMR,Shodhit,PetEther,PESBD2,0.08326795,0.0833633,0.08352943,0.08361347,0.08370673,0.08382441,0.08395125,0.08411796,0.08427888,0.08438854,0.08455426,0.08471538,0.08493317,0.08508573,0.08529523,0.08548549,0.08559558,0.08577799,0.08598703,0.08608521,0.08620918,0.0863129,0.08653343,0.08667194,0.08680475,0.08693203,0.08700789,0.08707815,0.08708154,0.08706388,0.08704053,0.08696606,0.08690204,0.08681883,0.08670144,0.08659477,0.08648315,0.08644302,0.08644389,0.08648613,0.08649343,0.08648076,0.08647822,0.08640877,0.08627149,0.08606539,0.08572821,0.08528963,0.08491722,0.08464142,0.08435594,0.08415304,0.08391105,0.08363047,0.08344954,0.08326158,0.083036,0.08275788,0.08254886,0.0822716,0.08204835,0.08184887,0.08167319,0.08149132,0.08134927,0.08112488,0.08078758,0.08047453,0.08015512,0.07984443,0.07949708,0.07925054,0.07892179,0.07861778,0.07835366,0.0780528,0.07780667,0.07749313,0.07715772,0.07683067,0.07638992,0.07598783,0.07556298,0.07513044,0.07473577,0.0742109,0.07373903,0.0733048,0.07280159,0.07242841,0.072094,0.07167653,0.07129856,0.07092954,0.07050825,0.0700806,0.06967706,0.06925209,0.06892769,0.06845983,0.06797124,0.06741578,0.06677745,0.0661171,0.06552589,0.06488149,0.06424518,0.06363264,0.06310484,0.06249431,0.06193885,0.0614385,0.06088678,0.06043661,0.05993563,0.05939932,0.05890402,0.0583734,0.05788369,0.05738904,0.05690444,0.05629256,0.05567507,0.05505113,0.05446626,0.05392053,0.0533072,0.05264172,0.05207701,0.05146074,0.05088441,0.05028722,0.04963891,0.04903085,0.04834099,0.04766086,0.04694434,0.04622169,0.04547755,0.04472713,0.0440007,0.04322227,0.04248334,0.04173827,0.04106363,0.04045998,0.03972891,0.03897765,0.03826748,0.03755237,0.03680157,0.0360457,0.03534583,0.03464075,0.03393042,0.03324504,0.03258444,0.03188736,0.03110798,0.03041419,0.02969936,0.02893336,0.02813169,0.02730976,0.0265591,0.02569659,0.02487474,0.02397143,0.02304756,0.02216324,0.02127256,0.02036031,0.01938084,0.01839479,0.01749353,0.01661582,0.01563926,0.01465537,0.01366415,0.01272663,0.01181251,0.01087612,0.009857422,0.008848069,0.007848323,0.006858316,0.005908876,0.00487811,0.003858189,0.00286477,0.00194363,0.000972565,2.80E-05,-0.000905405,-0.001797317,-0.002831016,-0.003853825,-0.004774987,-0.005839308,-0.006848422,-0.007848195,-0.008930887,-0.009989553,-0.01106975,-0.01218669,-0.01330941,-0.01434579,-0.01544802,-0.01655511,-0.01769734,-0.01878358,-0.01993566,-0.02101608,-0.02208565,-0.02319051,-0.02442203,-0.02556668,-0.02674688,-0.02794692,-0.02910552,-0.03028374,-0.03140561,-0.03259301,-0.03372459,-0.03484585,-0.03594141,-0.03702639,-0.03816173,-0.03928627,-0.04047653,-0.04164197,-0.04289014,-0.04413008,-0.04534649,-0.04655461,-0.04775436,-0.04900674,-0.050266,-0.05153225,-0.05280552,-0.05405547,-0.05540439,-0.05677555,-0.0579245,-0.05912576,-0.06036368,-0.0616076,-0.06285753,-0.0640982,-0.06532962,-0.06668921,-0.06810164,-0.06956709,-0.07090285,-0.07230738,-0.07373517,-0.07527789,-0.07682927,-0.07838945,-0.07988212,-0.08135263,-0.08278553,-0.08431789,-0.08582747,-0.08729891,-0.08877804,-0.09026436,-0.09166594,-0.09307414,-0.09451948,-0.09603209,-0.09741368,-0.09887832,-0.1004721,-0.1020579,-0.1036821,-0.1053147,-0.1069555,-0.1085741,-0.1102161,-0.1118359,-0.1135402,-0.1152223,-0.1168974,-0.118581,-0.1202731,-0.1220652,-0.1237748,-0.1256765,-0.1274193,-0.1290943,-0.1308082,-0.1325297,-0.1341672,-0.1359342,-0.1376323,-0.139353,-0.1411272,-0.1428631,-0.1446517
KMR,Shodhit,PetEther,PS1BD2,0.07180293,0.07197673,0.07212982,0.07229264,0.07243471,0.07258694,0.07279538,0.07302969,0.07325992,0.07348639,0.07377022,0.07397442,0.07423643,0.07447976,0.07461279,0.07475735,0.07492844,0.07518674,0.07536392,0.07542911,0.07550376,0.0755565,0.07564834,0.07571806,0.07578082,0.07582178,0.07597861,0.07606838,0.07619817,0.07629173,0.07628754,0.07623115,0.07622902,0.07620495,0.07612878,0.07601606,0.0759281,0.07592626,0.07591905,0.07595199,0.07584238,0.07586497,0.07589794,0.0759412,0.0759796,0.07590609,0.07579688,0.07566693,0.07554665,0.07542088,0.0752741,0.07510617,0.07497786,0.07481274,0.07470207,0.07452376,0.07435403,0.07414696,0.07394829,0.07375792,0.07346888,0.07323378,0.07305264,0.07277278,0.0725317,0.07226894,0.07210665,0.07190752,0.0716259,0.07135374,0.07116706,0.07094362,0.07068386,0.07044878,0.07016163,0.06986838,0.06963013,0.06936994,0.06901152,0.06870735,0.0683502,0.06795531,0.06762998,0.06729802,0.06699019,0.06667635,0.06634127,0.06607623,0.06574384,0.06548167,0.06525956,0.06504683,0.06469114,0.06442147,0.06417687,0.06391183,0.06356571,0.06323051,0.0629065,0.06260897,0.06230714,0.0619552,0.06159851,0.06108388,0.06056363,0.06012917,0.05968883,0.05924286,0.05880705,0.0583812,0.05791937,0.05748244,0.0569942,0.05659167,0.05616808,0.05564713,0.05507439,0.05452596,0.05398669,0.05345665,0.05296645,0.05244012,0.05193876,0.05146266,0.05101166,0.05052466,0.04995619,0.0494743,0.04894168,0.04841958,0.04793861,0.04739186,0.04684033,0.04629914,0.04575295,0.04515602,0.04456939,0.04402344,0.04341132,0.04280941,0.04224845,0.041667,0.04101925,0.04041218,0.0398611,0.03922863,0.03862194,0.03808712,0.03747153,0.03689702,0.0362719,0.03561109,0.03494478,0.03430328,0.03368641,0.03300271,0.03239016,0.03181856,0.03125761,0.03064672,0.02997085,0.02933686,0.02880565,0.02816356,0.02744056,0.026621,0.02585695,0.02511792,0.02432741,0.02354644,0.02280553,0.02202818,0.02122963,0.02042515,0.01959965,0.018814,0.01799194,0.01717876,0.01628314,0.01550374,0.01476493,0.01396027,0.01315148,0.01236931,0.01152199,0.01065542,0.009876195,0.009000767,0.008090038,0.007250731,0.006406066,0.005571523,0.004731886,0.003810863,0.003022563,0.002168709,0.001248904,0.000278275,-0.000712663,-0.001571585,-0.002435865,-0.00339688,-0.004362943,-0.005334453,-0.006280937,-0.00720257,-0.008160566,-0.009155013,-0.01017048,-0.01111531,-0.01211124,-0.0130361,-0.01401178,-0.01503838,-0.01607024,-0.0170766,-0.01801161,-0.01910405,-0.02013961,-0.0210877,-0.02210121,-0.02304259,-0.02404881,-0.02504349,-0.0259806,-0.02696703,-0.02803347,-0.02905826,-0.03011822,-0.03119844,-0.03228468,-0.03339282,-0.03440123,-0.03550828,-0.03662232,-0.03771284,-0.03885653,-0.040038,-0.04113486,-0.0421776,-0.04328815,-0.04442068,-0.04562102,-0.04676732,-0.04792048,-0.04901947,-0.05018605,-0.05131341,-0.05249318,-0.05371064,-0.05502709,-0.05632077,-0.05759203,-0.05893251,-0.06022015,-0.06157693,-0.06288064,-0.06414631,-0.06545004,-0.06669985,-0.06795683,-0.06931254,-0.07061417,-0.07187741,-0.07331616,-0.07470144,-0.07606377,-0.07740329,-0.0787502,-0.08011976,-0.08154258,-0.08297288,-0.0843494,-0.08565694,-0.08707833,-0.08844554,-0.08985009,-0.09124629,-0.09261909,-0.09415179,-0.09561546,-0.09704074,-0.09851927,-0.09995934,-0.101468,-0.1030455,-0.1046156,-0.1061636,-0.1077656,-0.1093298,-0.1108256,-0.1124057,-0.114055,-0.1156971,-0.1173477,-0.1189607,-0.1205207,-0.122119,-0.1237402,-0.1253833
KMR,Shodhit,PetEther,PS2BD2,0.06919572,0.06929005,0.06934751,0.06945957,0.06956536,0.06964959,0.06974307,0.06986121,0.06997366,0.07005012,0.07018233,0.07030982,0.07049372,0.07061222,0.0708027,0.07091253,0.0709719,0.07110299,0.07118318,0.07118193,0.07129745,0.07136191,0.07148198,0.07156624,0.07164507,0.07168797,0.07174057,0.07183343,0.07187514,0.07192677,0.07195785,0.0719529,0.0719577,0.07195717,0.0719513,0.07190962,0.07183231,0.07179566,0.07178438,0.07182888,0.07183761,0.07181054,0.07179353,0.07184738,0.07184999,0.0718168,0.07185478,0.07174997,0.07162461,0.0715702,0.0714642,0.07135238,0.07125021,0.07114258,0.07109052,0.0710026,0.07092456,0.07079528,0.07067535,0.07053407,0.07035606,0.07020238,0.07005775,0.06989173,0.06975018,0.06957207,0.06938788,0.06919777,0.06901777,0.06884791,0.06861163,0.06841567,0.06821437,0.06800751,0.06776459,0.06754684,0.06730837,0.0670642,0.06676862,0.066498,0.06625207,0.06587861,0.0656068,0.06532979,0.0650171,0.06471456,0.06439116,0.06404663,0.06375741,0.06346232,0.06320723,0.06287042,0.06257428,0.06231871,0.06199703,0.06173145,0.06141507,0.06106302,0.0607365,0.06038992,0.06005371,0.05972773,0.05933537,0.05889173,0.05847279,0.05804789,0.05761713,0.05721133,0.05683084,0.05649106,0.05611592,0.05572057,0.05535104,0.05503773,0.05464336,0.05422885,0.05374859,0.0533092,0.05288032,0.05243164,0.05203942,0.05156609,0.05107239,0.05060379,0.05017523,0.04977149,0.04928591,0.0488103,0.04840569,0.04801127,0.047597,0.04713265,0.04666415,0.04619164,0.04568514,0.04511417,0.04453955,0.04402147,0.04346833,0.04289543,0.0424096,0.04185797,0.0412712,0.04072579,0.04017572,0.03957533,0.03903165,0.03843793,0.03785515,0.03725279,0.03661533,0.03592716,0.03524913,0.03464175,0.03396756,0.0333642,0.03277098,0.03217242,0.03153837,0.03096006,0.03031512,0.02964905,0.02897721,0.02834527,0.02770783,0.02703426,0.0263401,0.02564066,0.02492026,0.02414835,0.02349283,0.02280075,0.02208745,0.02135325,0.02059823,0.01988357,0.01914858,0.01839335,0.01761797,0.01686812,0.01611361,0.01544584,0.01465111,0.01388191,0.01309265,0.01229833,0.01148336,0.01063241,0.009760513,0.00891309,0.008135608,0.007336782,0.006547569,0.005798842,0.005090601,0.004285516,0.003459882,0.00259844,0.001762003,0.000934827,9.83E-06,-0.000936858,-0.001890123,-0.002804716,-0.003848528,-0.004823105,-0.005774137,-0.006732228,-0.007712372,-0.008699179,-0.009661996,-0.01060087,-0.01160744,-0.01265119,-0.01367113,-0.01468269,-0.01571648,-0.01678781,-0.01788145,-0.01895084,-0.02002597,-0.02103022,-0.02207019,-0.02305446,-0.02404367,-0.02512942,-0.02617414,-0.02716237,-0.02816987,-0.02908982,-0.03013608,-0.03115679,-0.03215228,-0.03319919,-0.03428217,-0.03530994,-0.03645057,-0.03755137,-0.03859691,-0.03964819,-0.04068954,-0.04172101,-0.04286485,-0.04399917,-0.04513939,-0.04627067,-0.04746942,-0.04868986,-0.04985567,-0.05101267,-0.05219127,-0.05339131,-0.05458222,-0.05576422,-0.05702896,-0.05826939,-0.05942463,-0.0606929,-0.06186009,-0.0629868,-0.06410354,-0.0652866,-0.06645969,-0.06762282,-0.0688065,-0.06996495,-0.07111343,-0.0722672,-0.07342626,-0.07454484,-0.07576026,-0.0769352,-0.07814594,-0.07937723,-0.08065959,-0.08187095,-0.08316389,-0.08437057,-0.08564357,-0.08699816,-0.08822072,-0.08955537,-0.09092583,-0.09228632,-0.0937284,-0.09517577,-0.09658265,-0.09799483,-0.09950473,-0.1008686,-0.1022391,-0.1037229,-0.1051059,-0.1064953,-0.1080132,-0.1094155,-0.1109311,-0.1124231,-0.1139371,-0.1154269
KMR,Shodhit,PetEther,PS3BD2,0.0765748,0.07664479,0.07675437,0.07682739,0.07690975,0.07701708,0.07713423,0.07727679,0.07741445,0.07754721,0.07770564,0.07784435,0.07810069,0.07826088,0.07841662,0.07856786,0.07869925,0.07881071,0.07885655,0.07885207,0.07891917,0.0789815,0.07906968,0.07915295,0.07920038,0.07918165,0.07926457,0.07932702,0.07939971,0.07943706,0.07948452,0.07941996,0.07945692,0.07947332,0.07942317,0.07935256,0.07929218,0.07925746,0.07923329,0.07923473,0.07912429,0.07910002,0.07908532,0.07906457,0.07900726,0.07886751,0.07878281,0.07863102,0.07845805,0.07834057,0.07824795,0.07811894,0.07798425,0.07785921,0.07772825,0.07757612,0.07743339,0.07728491,0.077146,0.07698601,0.07675898,0.07654117,0.07633239,0.07617838,0.07601849,0.07582253,0.07563641,0.07542973,0.0752331,0.07500071,0.07474785,0.07453556,0.07428732,0.07400284,0.07371243,0.07338574,0.07316002,0.07286732,0.07255362,0.07231047,0.07198468,0.07162197,0.07129885,0.07099995,0.0706796,0.07033795,0.069975,0.06965146,0.06929097,0.06892398,0.06861159,0.06823163,0.06784535,0.06752906,0.06713008,0.06675526,0.06635891,0.06597182,0.06557885,0.06514955,0.06477515,0.06434875,0.06393116,0.06344605,0.06296948,0.06248599,0.06191918,0.0613914,0.06090282,0.06043848,0.06004475,0.05959986,0.05918037,0.05877102,0.05831091,0.05779959,0.05720612,0.05666758,0.05615343,0.05561798,0.05509218,0.05459152,0.05403956,0.05348213,0.05299526,0.05245666,0.05192718,0.05131522,0.05071235,0.05019507,0.04964132,0.04906661,0.04850143,0.04791494,0.04729176,0.04666235,0.04604181,0.04538412,0.04468925,0.04401819,0.04334037,0.04267111,0.04199535,0.04134367,0.04065494,0.0399139,0.03921224,0.03855035,0.03786768,0.03717981,0.03651739,0.03580398,0.03508515,0.0343761,0.03363098,0.03292598,0.03221556,0.03154571,0.03082505,0.03012975,0.02944468,0.02876979,0.02801349,0.0272826,0.02651611,0.0256986,0.02492125,0.02415339,0.02336453,0.02258564,0.0218474,0.02107349,0.02029432,0.0194793,0.01867416,0.01787885,0.01703224,0.01616504,0.01530802,0.01449153,0.01362415,0.0127823,0.01188986,0.01100779,0.010121,0.009229623,0.008409819,0.007493478,0.006556673,0.005629611,0.004681553,0.003773713,0.002860357,0.001957053,0.001109934,0.000212318,-0.000659544,-0.001627677,-0.002570234,-0.003502561,-0.004424613,-0.005336347,-0.006268281,-0.007189984,-0.008132064,-0.009079394,-0.01001658,-0.01095875,-0.01192095,-0.01291825,-0.01387445,-0.01481989,-0.01578508,-0.01677025,-0.01780596,-0.01884604,-0.01992136,-0.02100157,-0.02204046,-0.0230991,-0.02419325,-0.02527699,-0.02630473,-0.02738349,-0.02845193,-0.02950983,-0.03061863,-0.03173246,-0.03282035,-0.03386706,-0.03499531,-0.03611408,-0.03723894,-0.03835468,-0.03944586,-0.04054303,-0.04170721,-0.04284682,-0.04399252,-0.04515966,-0.04631764,-0.04748161,-0.04862098,-0.04976631,-0.05097872,-0.05219726,-0.05342216,-0.05466889,-0.05592216,-0.05715149,-0.05841804,-0.059722,-0.06106341,-0.06236615,-0.06369125,-0.06499281,-0.06628591,-0.06760089,-0.0688765,-0.07015846,-0.07147738,-0.07283313,-0.07413416,-0.07544163,-0.07680137,-0.07816755,-0.07954022,-0.08088881,-0.08221329,-0.08359003,-0.08501891,-0.08637776,-0.08772752,-0.08905286,-0.09042994,-0.09184362,-0.09327879,-0.09470514,-0.09613811,-0.09760813,-0.09902383,-0.100553,-0.1020125,-0.103402,-0.10489,-0.1064764,-0.1080546,-0.1096252,-0.1112033,-0.1127427,-0.1141823,-0.115766,-0.1173258,-0.1188466,-0.1204658,-0.1220155,-0.1235566,-0.1251658,-0.1268281,-0.1285273
Kupilu,Shodhit,PetEther,PSKBD2,0.1480848,0.1477143,0.1474571,0.1471605,0.1468859,0.1466186,0.1463432,0.1460906,0.1457997,0.1455164,0.1452409,0.144974,0.1447769,0.1445425,0.1442862,0.1439469,0.1436618,0.1433699,0.143025,0.1425964,0.1422369,0.1419002,0.1414794,0.1410966,0.1407213,0.1403688,0.1400087,0.1395954,0.139221,0.1388549,0.1383901,0.1379182,0.1374237,0.1369523,0.136458,0.1359562,0.1354467,0.134945,0.134405,0.1339333,0.1333773,0.1328131,0.1322865,0.1317211,0.1311931,0.1305806,0.1299597,0.1292846,0.1286312,0.1279998,0.127375,0.1266956,0.1260227,0.1253566,0.1247429,0.1241055,0.1234752,0.1228675,0.1222062,0.1215826,0.1208439,0.1201121,0.1194177,0.1186843,0.1179889,0.1172555,0.1166065,0.1159049,0.1152116,0.1144965,0.11379,0.1130766,0.1123102,0.1115061,0.1107403,0.1099367,0.1092173,0.1084144,0.1075735,0.1067558,0.1058995,0.1049896,0.1041789,0.1033455,0.1024742,0.1015959,0.1007257,0.09983271,0.09893207,0.09802378,0.09710769,0.09619925,0.09532941,0.09449818,0.09355319,0.0926322,0.09168954,0.09075541,0.08976881,0.08872954,0.08774399,0.08676618,0.08575037,0.08469664,0.08368131,0.08265862,0.08164398,0.08059195,0.07960963,0.0786054,0.07759445,0.07657663,0.07552135,0.07452002,0.07348117,0.07240477,0.07126034,0.07020042,0.06916394,0.06805939,0.06697826,0.06590505,0.06479358,0.06370505,0.06263951,0.0615512,0.06044009,0.05929095,0.05819531,0.05707689,0.05592042,0.05474118,0.05353897,0.05234401,0.05112555,0.049853,0.04860264,0.04735914,0.04609187,0.04480094,0.04351695,0.04225515,0.04096981,0.03967633,0.03838983,0.03701881,0.03570107,0.03437608,0.03308982,0.03173566,0.0303899,0.02902189,0.02761597,0.02621769,0.0248114,0.02338171,0.02198995,0.0206365,0.01924513,0.01780077,0.01637998,0.01495215,0.01351732,0.01209068,0.0105653,0.008956109,0.007430987,0.00594394,0.004403547,0.002886455,0.00137754,-0.000153851,-0.001722974,-0.003268929,-0.004822231,-0.006382883,-0.007996482,-0.00961712,-0.0112444,-0.01277137,-0.01430464,-0.01587501,-0.01748273,-0.01909761,-0.02072006,-0.02236539,-0.02395729,-0.02558724,-0.0272551,-0.02889956,-0.03045969,-0.0320116,-0.03355538,-0.03506051,-0.03666388,-0.03828879,-0.0399652,-0.04163201,-0.04328927,-0.04496768,-0.04663668,-0.04831179,-0.05002361,-0.05169599,-0.05339004,-0.05506031,-0.05672214,-0.05839079,-0.06011167,-0.06185415,-0.0635723,-0.06529648,-0.06699607,-0.06873256,-0.07055167,-0.07237734,-0.07420977,-0.07606433,-0.07794066,-0.07979315,-0.08166789,-0.08353442,-0.08536216,-0.08721207,-0.08900754,-0.09085534,-0.09277104,-0.09470903,-0.09662364,-0.0984696,-0.1004458,-0.1024153,-0.1044089,-0.1063811,-0.1083929,-0.1103526,-0.1123978,-0.1144367,-0.1164542,-0.1184959,-0.1205163,-0.1226067,-0.1246601,-0.1266767,-0.1287785,-0.1308897,-0.1331019,-0.1352933,-0.1374334,-0.1395679,-0.1417269,-0.1438338,-0.1459494,-0.1480735,-0.1501909,-0.1523624,-0.1544967,-0.1567006,-0.1588979,-0.1610271,-0.1631338,-0.1652484,-0.1674473,-0.169685,-0.1720078,-0.1742942,-0.176651,-0.1789103,-0.1811788,-0.183487,-0.1858346,-0.1881453,-0.190419,-0.1926861,-0.1950072,-0.1972908,-0.1996131,-0.2019288,-0.20436,-0.2067696,-0.2091424,-0.2115701,-0.2139606,-0.2162837,-0.2187838,-0.221293,-0.2238117,-0.2263248,-0.2288171,-0.2313188,-0.2337685,-0.2362578,-0.2387711,-0.2412475,-0.2438398,-0.2463648,-0.2488681,-0.2513954,-0.2539008,-0.2564447
KMR,Ashodhit,MeOH,MABD2,0.1436084,0.1435166,0.1434766,0.1433814,0.1433075,0.1432397,0.1431171,0.1430774,0.1429832,0.142865,0.1427687,0.1426489,0.1426431,0.1425376,0.1424393,0.1423176,0.1422027,0.1420947,0.1419327,0.1416861,0.1414465,0.1412897,0.141078,0.1408424,0.1406593,0.1404527,0.1402684,0.1400912,0.1399058,0.1396818,0.1394801,0.1391785,0.1389144,0.1386423,0.1383468,0.1379975,0.1376708,0.1373209,0.1369779,0.1366872,0.1363267,0.1360035,0.1356411,0.1353008,0.1349366,0.1345027,0.1340909,0.1336399,0.1331803,0.1327579,0.1323422,0.1318721,0.131424,0.1309524,0.1305489,0.1301369,0.1296706,0.1292111,0.128743,0.1282207,0.1276745,0.1271199,0.1265715,0.126014,0.125463,0.1249185,0.1243654,0.1238342,0.1232335,0.122624,0.1220212,0.1214403,0.1208508,0.1202375,0.1195851,0.1189239,0.1182692,0.1175904,0.1169334,0.1162829,0.1155471,0.1148025,0.1140794,0.1133779,0.1126523,0.1119485,0.1111903,0.1104233,0.1096628,0.1088939,0.1081163,0.1073453,0.1065656,0.105762,0.104919,0.1040824,0.1032369,0.1024131,0.1015498,0.1006778,0.09982752,0.09895316,0.09805458,0.09710125,0.0961847,0.09527431,0.0943243,0.09338076,0.0924897,0.09160532,0.09065139,0.08971945,0.08873322,0.08775372,0.08676552,0.0857378,0.08468581,0.08365533,0.08263105,0.08158255,0.08054048,0.07948953,0.07839915,0.07731523,0.07626849,0.07524373,0.0741952,0.07309237,0.07202679,0.07096795,0.06990059,0.06883997,0.06777082,0.06666263,0.06557644,0.06443595,0.06328694,0.06215992,0.06100912,0.05986506,0.05872774,0.05759715,0.05641227,0.05524938,0.0540627,0.05282174,0.05161802,0.05039052,0.04912399,0.04783367,0.0464738,0.0450905,0.043623,0.04213217,0.04066386,0.03917221,0.03777929,0.0364089,0.03509116,0.03374994,0.03241586,0.03111948,0.02978437,0.02842578,0.02705894,0.02563798,0.0242544,0.02289286,0.02147703,0.02005267,0.01869609,0.01722417,0.01572847,0.01428528,0.01281832,0.01137335,0.009874076,0.008381542,0.00684997,0.005355651,0.003852811,0.00232619,0.000745712,-0.000857617,-0.002407416,-0.003980067,-0.005575703,-0.007209803,-0.008851939,-0.01050238,-0.01210026,-0.01370661,-0.01530623,-0.01696015,-0.0185463,-0.02018674,-0.02186623,-0.02355424,-0.02526602,-0.02695582,-0.02863887,-0.03034571,-0.03207633,-0.03378495,-0.03557838,-0.03734983,-0.03909927,-0.04088776,-0.04262373,-0.04444452,-0.04619754,-0.04798959,-0.04975966,-0.05156876,-0.05343216,-0.05530408,-0.05721504,-0.05913452,-0.06107778,-0.06295328,-0.06488342,-0.06677693,-0.06869466,-0.07062145,-0.07257245,-0.07451717,-0.07645567,-0.07844901,-0.0804207,-0.08235554,-0.08436038,-0.08635879,-0.08835078,-0.09036681,-0.0923305,-0.09434862,-0.09637531,-0.09838001,-0.1003627,-0.1023844,-0.1043995,-0.106423,-0.1084855,-0.1105414,-0.112621,-0.1146938,-0.1168058,-0.1189262,-0.1210857,-0.1232384,-0.1254302,-0.1276462,-0.1298869,-0.1321066,-0.1343358,-0.1365438,-0.1387609,-0.1409717,-0.1432065,-0.1453889,-0.1475799,-0.1498408,-0.1520495,-0.154252,-0.1564638,-0.1586391,-0.1608832,-0.163074,-0.1652576,-0.1674951,-0.1697561,-0.1720255,-0.1743339,-0.1766356,-0.1789459,-0.1812799,-0.1835614,-0.1859125,-0.1882263,-0.1906249,-0.1929405,-0.1953104,-0.1976583,-0.1999994,-0.2023949,-0.2048294,-0.2072571,-0.2096782,-0.2121535,-0.2145763,-0.2169313,-0.2194627,-0.2219416,-0.2244138,-0.2269707,-0.2294294,-0.2319882,-0.2345555,-0.2371313,-0.2397766
Kupilu,Ashodhit,MeOH,MAKBD2,0.1158105,0.1157545,0.1156741,0.1155383,0.1154694,0.1154065,0.1153347,0.1153614,0.1153802,0.1153605,0.1152872,0.1151912,0.1152558,0.115344,0.1153186,0.1153019,0.1153394,0.1153542,0.1152844,0.1151146,0.1150274,0.1149771,0.1148719,0.1147276,0.1145289,0.1143374,0.1143211,0.1141747,0.1139594,0.1137516,0.1135967,0.1134029,0.1132009,0.1130061,0.1128794,0.1126684,0.1124497,0.1123158,0.1121599,0.1120588,0.1119364,0.1117925,0.1115965,0.1114096,0.1112779,0.1111247,0.1108275,0.1104314,0.1100431,0.1097693,0.1095191,0.1092777,0.1090307,0.1088694,0.1086257,0.1084063,0.1081502,0.1079335,0.1076646,0.1073433,0.106969,0.106572,0.1062132,0.1059081,0.1055806,0.1051858,0.1048458,0.1044538,0.1040554,0.1037117,0.1033304,0.1028806,0.102423,0.1019724,0.1014823,0.1009989,0.1005675,0.1000352,0.09950896,0.09900378,0.09845815,0.09791783,0.09735227,0.09674619,0.09620662,0.09568809,0.09520612,0.09468486,0.09418553,0.09366256,0.09317691,0.09262168,0.09202711,0.09139295,0.09073413,0.09009632,0.08944889,0.08877668,0.08812555,0.08744969,0.08674913,0.08606992,0.08544267,0.08477587,0.08406942,0.08329374,0.08254007,0.08168653,0.08096198,0.08021389,0.07942735,0.07863329,0.07781607,0.07695997,0.07608019,0.07526811,0.07443204,0.07358725,0.07265753,0.07168856,0.07072604,0.06983104,0.06895775,0.06810629,0.06721571,0.06631672,0.06540923,0.06447815,0.06350875,0.06260829,0.06171583,0.06078553,0.0598018,0.05877931,0.0577633,0.0566621,0.05562838,0.05458611,0.05356598,0.0525377,0.05157765,0.05060941,0.04958755,0.04864957,0.04768885,0.04669031,0.04574606,0.04479529,0.0438232,0.04287594,0.0419538,0.04101085,0.04000129,0.03907751,0.03811759,0.03715212,0.03625771,0.03532743,0.03440717,0.0334968,0.03259641,0.03161459,0.03059742,0.02952972,0.02845714,0.02741016,0.02635813,0.02527043,0.0240859,0.02295709,0.02191416,0.02080398,0.01965687,0.01847258,0.01728063,0.01614197,0.01494973,0.0136887,0.012466,0.01125099,0.009952059,0.008661033,0.007393702,0.006211142,0.00499155,0.003719888,0.002457014,0.001126103,-0.00016621,-0.001496218,-0.002787761,-0.004086218,-0.005314895,-0.006565036,-0.007852077,-0.009206536,-0.01052173,-0.01192031,-0.01335686,-0.01478554,-0.01619084,-0.01754215,-0.01886954,-0.02021889,-0.02166657,-0.02312165,-0.02455387,-0.02596338,-0.02738037,-0.0287589,-0.03017473,-0.03153635,-0.03298099,-0.03438682,-0.03586051,-0.03731072,-0.0387985,-0.04035453,-0.04190222,-0.04344201,-0.04498924,-0.04649787,-0.04804398,-0.04956679,-0.05118802,-0.05280095,-0.05445118,-0.05598626,-0.0575891,-0.05919917,-0.06087837,-0.06261293,-0.06429658,-0.06597499,-0.06758707,-0.06930053,-0.071039,-0.0727413,-0.07442265,-0.07606744,-0.07770564,-0.07930654,-0.08097671,-0.0826246,-0.08431138,-0.08603723,-0.08774115,-0.0894692,-0.09125209,-0.09305946,-0.09487622,-0.09668743,-0.09856932,-0.1003847,-0.1022708,-0.1041514,-0.1059804,-0.1078035,-0.1096818,-0.1115999,-0.1134814,-0.1153572,-0.1172882,-0.1192439,-0.1211785,-0.1230923,-0.1251071,-0.1270398,-0.1290279,-0.131041,-0.1330943,-0.135081,-0.1370926,-0.1390831,-0.1411284,-0.1430606,-0.1450474,-0.1470889,-0.1491239,-0.1511984,-0.1532515,-0.1552677,-0.1573385,-0.1594032,-0.1615685,-0.1636821,-0.1658203,-0.1679836,-0.1702328,-0.1723542,-0.1744698,-0.1767018,-0.1789281,-0.1811795,-0.1835021,-0.1857434,-0.1880406,-0.1903175,-0.1926348,-0.1948696
KMR,Shodhit,MeOH,MS1BD2,0.09877596,0.09884095,0.09899013,0.0990861,0.09917459,0.09927111,0.0993606,0.09950412,0.09959495,0.09967888,0.09977115,0.0998567,0.1000423,0.1001296,0.1002406,0.1003145,0.1003663,0.1003958,0.1004339,0.1003888,0.1003826,0.1004153,0.1004261,0.1004147,0.1003966,0.1003717,0.1004164,0.1004087,0.1004709,0.1004656,0.1004233,0.1003593,0.1002583,0.1001815,0.1000677,0.09988658,0.09972951,0.09958025,0.09942334,0.09930463,0.09917861,0.09907585,0.09890496,0.09877285,0.09864887,0.09844129,0.09824162,0.09801925,0.09774388,0.09756833,0.09737052,0.0971505,0.09692378,0.09669039,0.09652646,0.09632511,0.0961321,0.09593219,0.09571011,0.09543534,0.09515367,0.09488034,0.0946001,0.09429766,0.09398799,0.09368649,0.09342373,0.0931235,0.09281632,0.0924717,0.0921507,0.09185322,0.0914877,0.09114574,0.09078149,0.09039485,0.09003164,0.08964608,0.08926878,0.08889984,0.08850854,0.08804917,0.08764375,0.08721599,0.08681161,0.08636976,0.08593626,0.08551102,0.08501828,0.08457993,0.08411933,0.08363637,0.08314651,0.08268013,0.08216088,0.08164972,0.08110086,0.08057517,0.08001156,0.07944061,0.07890808,0.07832242,0.07775984,0.07712878,0.07652076,0.0759359,0.07535891,0.07474431,0.07418384,0.07363171,0.07307268,0.07243044,0.0717813,0.07117102,0.07050806,0.06983818,0.06914592,0.06847678,0.06776964,0.0670398,0.06634833,0.06563417,0.06491271,0.06421467,0.06352498,0.06285891,0.06214014,0.06139921,0.06069714,0.05997291,0.05924177,0.05853423,0.05781979,0.05706792,0.0563244,0.05555871,0.05478611,0.0540066,0.05322018,0.05242685,0.05161136,0.05081947,0.05003593,0.049276,0.04843287,0.04758283,0.04672588,0.04590779,0.04502176,0.04412883,0.04321372,0.04226119,0.04127123,0.0402591,0.03924006,0.03819885,0.03725755,0.03632406,0.03538336,0.0344664,0.03352744,0.03262749,0.03167502,0.03071583,0.02976529,0.02876233,0.02778321,0.02682791,0.02582014,0.02480551,0.02378402,0.02278614,0.02175082,0.02075438,0.01973576,0.01869498,0.01763203,0.0165624,0.01550142,0.01446431,0.01340552,0.01237096,0.01126917,0.01014578,0.009031402,0.007880129,0.006768121,0.005603693,0.004463271,0.003270384,0.002146926,0.001001389,-0.000135799,-0.001264638,-0.002400386,-0.003588819,-0.004768904,-0.006001674,-0.007210835,-0.008442165,-0.009695663,-0.01091029,-0.01214709,-0.0133908,-0.01467194,-0.01591421,-0.01720916,-0.01844999,-0.01971299,-0.02098289,-0.02227497,-0.02352817,-0.02483407,-0.02614687,-0.02751236,-0.02886949,-0.0302488,-0.03169605,-0.0331197,-0.03450447,-0.03591142,-0.03732527,-0.03873077,-0.04014319,-0.04156251,-0.04295822,-0.04442188,-0.04583142,-0.04724799,-0.04865639,-0.05010236,-0.05158592,-0.05304606,-0.05449815,-0.05598794,-0.05745434,-0.05895839,-0.06045431,-0.06194192,-0.06340598,-0.06490745,-0.06640058,-0.06790062,-0.06945334,-0.07099772,-0.07253374,-0.07410742,-0.07568831,-0.07727637,-0.07884132,-0.08049009,-0.08214647,-0.08379508,-0.08537497,-0.08700807,-0.08864849,-0.09029607,-0.09193571,-0.09359774,-0.09520568,-0.09682062,-0.0985189,-0.1001631,-0.1018143,-0.103488,-0.105123,-0.10678,-0.1084741,-0.1100987,-0.111776,-0.1135058,-0.1151815,-0.1169251,-0.1186146,-0.1203568,-0.1220601,-0.1238466,-0.1256096,-0.1273336,-0.1291714,-0.1309245,-0.1327303,-0.134482,-0.1362406,-0.1380366,-0.1398396,-0.1416952,-0.1435119,-0.1453966,-0.1472425,-0.1490494,-0.1509396,-0.1528367,-0.1546949,-0.1565447,-0.1584168,-0.160311,-0.1622426,-0.1641506,-0.1660808
KMR,Shodhit,MeOH,MS2BD2,0.1090144,0.1090368,0.1091279,0.1091806,0.1092407,0.1092781,0.1093538,0.1094222,0.1094834,0.1095376,0.1095999,0.1096402,0.1097194,0.1097917,0.1098267,0.1098395,0.1098298,0.1098588,0.1098196,0.1097123,0.1096436,0.1096135,0.1095608,0.1095312,0.1094792,0.1094202,0.109415,0.1093875,0.1093224,0.1092657,0.1091866,0.1090548,0.108977,0.1088619,0.1087096,0.1085201,0.1083086,0.1081363,0.1079568,0.1078001,0.1076206,0.107449,0.10727,0.1070531,0.1068287,0.1066272,0.1063567,0.1060325,0.1057461,0.105498,0.1052118,0.1049028,0.1046322,0.1043541,0.1041144,0.1038675,0.1036133,0.1033366,0.1030374,0.1027157,0.1023867,0.1020504,0.1017375,0.1013867,0.101044,0.1006482,0.1003215,0.0999417,0.0995392,0.09912931,0.09874255,0.09837888,0.09794687,0.09755333,0.09710659,0.09663716,0.09623659,0.09576751,0.09532152,0.09485288,0.09436124,0.09380091,0.09332447,0.09284039,0.09233344,0.09181914,0.09131281,0.0908143,0.09024737,0.08971887,0.08918298,0.08862436,0.08805848,0.087531,0.08691978,0.08633174,0.08576683,0.08514858,0.08452281,0.0838896,0.08329461,0.08264632,0.08200559,0.08128079,0.08057867,0.07992975,0.0792424,0.07853236,0.07793713,0.07730413,0.07664862,0.07597059,0.07522427,0.07453174,0.07381668,0.07306386,0.07225801,0.07150593,0.07073072,0.06991721,0.06915717,0.06838961,0.06761461,0.06686288,0.06607338,0.06532239,0.06451838,0.06370711,0.06290384,0.06209332,0.06130606,0.06049629,0.05970978,0.0588855,0.0580387,0.05716939,0.05632335,0.05545478,0.05457897,0.05371115,0.05285134,0.05199954,0.05112522,0.05022839,0.0493243,0.04839769,0.04744858,0.04649221,0.04554384,0.04457296,0.04354904,0.04250288,0.04140409,0.04029839,0.03915523,0.03802025,0.03695449,0.03591221,0.03490858,0.03386719,0.03284918,0.03188514,0.03083767,0.02979839,0.02873677,0.02762217,0.02654621,0.0254784,0.0243576,0.02322967,0.02215566,0.02107443,0.01992496,0.01881402,0.01765012,0.01650963,0.01536201,0.01417684,0.01301529,0.01186205,0.01070208,0.009535479,0.008331769,0.007121512,0.005889581,0.004620629,0.003406032,0.002123631,0.000849677,-0.000431356,-0.001673824,-0.002938672,-0.004210776,-0.005459617,-0.006730972,-0.008009583,-0.009310707,-0.01063434,-0.01196524,-0.01330339,-0.01464879,-0.01601671,-0.01736136,-0.01871327,-0.02010295,-0.02145411,-0.02284305,-0.02420872,-0.02559691,-0.0270076,-0.02839504,-0.02978973,-0.03117642,-0.03261614,-0.03409363,-0.03556312,-0.03702461,-0.03855438,-0.04007615,-0.04157466,-0.04308069,-0.04457912,-0.04606989,-0.04761401,-0.04913504,-0.05063298,-0.05216892,-0.05371224,-0.05526282,-0.05677502,-0.05835567,-0.05994372,-0.06150868,-0.06311159,-0.06466077,-0.06623259,-0.0678881,-0.06948986,-0.07109902,-0.07271556,-0.07432415,-0.07598581,-0.0776242,-0.07925468,-0.08093833,-0.08259885,-0.08429736,-0.08600348,-0.08771716,-0.08942337,-0.09119849,-0.09296627,-0.09472675,-0.09649533,-0.09828718,-0.1000716,-0.101818,-0.1035873,-0.1053793,-0.1071176,-0.1088939,-0.1106777,-0.1124232,-0.1141915,-0.1159981,-0.1177819,-0.119542,-0.1213241,-0.1231284,-0.1248939,-0.1267275,-0.1285681,-0.1304466,-0.1322407,-0.1341184,-0.1359728,-0.137865,-0.1397644,-0.1416711,-0.1436156,-0.145491,-0.1474195,-0.1493095,-0.1512219,-0.1531264,-0.1550991,-0.1570639,-0.1590511,-0.1610761,-0.1630321,-0.1649649,-0.1669354,-0.1689589,-0.1709439,-0.1729972,-0.1749509,-0.1770035,-0.1790633,-0.1810693,-0.1831131
KMR,Shodhit,MeOH,MS3BD2,0.1204413,0.1204408,0.1204928,0.1205513,0.1205706,0.1205967,0.1206296,0.1206696,0.1207166,0.1207249,0.1207862,0.1207637,0.1208558,0.1208949,0.120942,0.1209514,0.1209074,0.1209016,0.1208422,0.120744,0.1206527,0.1205836,0.1204908,0.120405,0.1203264,0.1202398,0.1201761,0.1201048,0.1199956,0.1198943,0.1197549,0.1196079,0.1194684,0.1193212,0.1191051,0.1188659,0.1186339,0.1184243,0.1182065,0.1180412,0.1177759,0.1175633,0.117327,0.117067,0.1168294,0.1165534,0.1162387,0.1159002,0.1155225,0.1151817,0.1148629,0.1145353,0.1142146,0.1138857,0.1135946,0.1132801,0.1129729,0.1126425,0.1122888,0.1119117,0.111511,0.1110711,0.1106685,0.1102574,0.109853,0.1094405,0.109035,0.1085907,0.1081229,0.1076619,0.1071927,0.1067611,0.1063212,0.1057968,0.1052794,0.1047843,0.1042961,0.1037844,0.1032493,0.1027517,0.1021541,0.101548,0.1009637,0.1003708,0.0997997,0.09919061,0.09863628,0.09802956,0.09740055,0.09680967,0.09619532,0.09557271,0.09492671,0.09430301,0.09364053,0.09296974,0.09229056,0.09157238,0.09087615,0.09014087,0.08944284,0.08872107,0.08797534,0.08715991,0.08639672,0.08560949,0.08484398,0.08405486,0.0833492,0.0826356,0.08189879,0.08107773,0.0802182,0.07941139,0.07858081,0.07774161,0.07684828,0.07603815,0.07518916,0.07431656,0.07343582,0.07257744,0.07171088,0.07082102,0.06995373,0.069109,0.0682258,0.06727361,0.06637451,0.06549798,0.06461349,0.06369053,0.06277488,0.06185128,0.06091972,0.05996496,0.05900224,0.05804683,0.05708346,0.05608163,0.05508711,0.05411515,0.05310472,0.05211685,0.05109052,0.05001046,0.04896822,0.04790277,0.0468295,0.04571847,0.04458498,0.04336791,0.0421129,0.04088094,0.03956439,0.0382841,0.0370711,0.03589513,0.03477202,0.0336563,0.03250238,0.03138651,0.03021731,0.02902533,0.02785646,0.02664946,0.0254653,0.02428862,0.023043,0.02180478,0.02058912,0.0193655,0.01810342,0.01686391,0.01558605,0.0143006,0.01300782,0.0116924,0.01038495,0.009131114,0.007839384,0.006525062,0.005142504,0.00378322,0.002401522,0.001012711,-0.000368085,-0.001756302,-0.00321302,-0.004616389,-0.006012451,-0.007416466,-0.008828432,-0.01023309,-0.0116457,-0.01306627,-0.0145253,-0.01597703,-0.01746722,-0.01896537,-0.02039518,-0.02190923,-0.02344649,-0.02493067,-0.02645332,-0.02796867,-0.02949196,-0.03102321,-0.03257766,-0.03414007,-0.03567992,-0.03724297,-0.03881398,-0.04037768,-0.04197985,-0.04358997,-0.04523856,-0.04692575,-0.04862161,-0.05028039,-0.05194778,-0.0536084,-0.05529272,-0.057016,-0.05871719,-0.06042696,-0.06217563,-0.06384102,-0.06556027,-0.06724195,-0.06903863,-0.07081313,-0.07258077,-0.0743569,-0.07611081,-0.0778882,-0.07967372,-0.08145197,-0.08322301,-0.08503251,-0.08681945,-0.08859909,-0.09046296,-0.09230441,-0.09418468,-0.09607352,-0.09798615,-0.09987687,-0.1017913,-0.1036686,-0.1056154,-0.1075862,-0.1095656,-0.111508,-0.1134592,-0.1154649,-0.1174332,-0.1193948,-0.1213645,-0.1232812,-0.1252364,-0.1272456,-0.1292171,-0.1311815,-0.1331542,-0.1351505,-0.1371543,-0.13912,-0.1410629,-0.1431205,-0.1451857,-0.1472131,-0.1492636,-0.1513069,-0.1534039,-0.1554783,-0.1576369,-0.1597273,-0.1618103,-0.1639623,-0.1660764,-0.1682291,-0.1703134,-0.1724819,-0.1746127,-0.1767819,-0.178959,-0.1811594,-0.1833829,-0.1855382,-0.1876861,-0.189903,-0.1921584,-0.1943607,-0.1966014,-0.1987738,-0.201,-0.2032951,-0.2055524,-0.2078482
Kupilu,Shodhit,MeOH,MSKBD2,0.1558258,0.1556891,0.1555887,0.1554789,0.1553595,0.1552309,0.1551085,0.1550077,0.1548829,0.1547647,0.1546379,0.1544875,0.1543899,0.1542533,0.1540929,0.1538935,0.1537158,0.1534988,0.1532878,0.1529912,0.1527156,0.1525071,0.1522435,0.1520015,0.1517353,0.1514452,0.1512075,0.1509612,0.1506758,0.1503819,0.1500946,0.1497681,0.1494329,0.149074,0.1486754,0.1482372,0.1478203,0.1474248,0.1470202,0.1466216,0.1462137,0.1457813,0.1453551,0.1449197,0.1444751,0.1440059,0.1434967,0.1429627,0.142419,0.1419269,0.1414258,0.1409159,0.1403819,0.1398851,0.1393947,0.1388954,0.138372,0.1378244,0.1372984,0.1367177,0.1360977,0.1354992,0.1348766,0.134245,0.1336194,0.1329847,0.1323868,0.1317341,0.1310723,0.130371,0.1297217,0.1290327,0.1283346,0.1276275,0.1269112,0.1261551,0.1254203,0.124661,0.1238924,0.1231297,0.122327,0.1214691,0.1206934,0.1198931,0.1191141,0.1182804,0.1174681,0.1166473,0.115818,0.1149801,0.114118,0.1132316,0.1123514,0.1115079,0.1105636,0.1096407,0.1087239,0.1077829,0.1068786,0.1059043,0.1049514,0.1040046,0.1030028,0.1020221,0.1009864,0.09995642,0.09893228,0.09789885,0.09691747,0.09594245,0.09495854,0.0939047,0.09285722,0.09178559,0.09073589,0.08966253,0.08853489,0.0874141,0.08628473,0.08511585,0.08398382,0.08285827,0.08170854,0.08054999,0.07942833,0.07829777,0.0771278,0.07588799,0.07473101,0.0735501,0.07236056,0.07117752,0.06998571,0.0687851,0.06752991,0.0662659,0.06503896,0.0637727,0.0625281,0.0612746,0.06001221,0.05872567,0.05746075,0.05617168,0.05487371,0.05353633,0.05219005,0.0508654,0.0495016,0.04812948,0.04673386,0.0452536,0.04378013,0.04228287,0.04079224,0.03927754,0.03783011,0.0363886,0.03493793,0.03346301,0.03199455,0.03056302,0.02907695,0.02755155,0.02604795,0.02448973,0.02295317,0.02143832,0.01988411,0.01833648,0.01679535,0.01524541,0.01365614,0.01205812,0.01046663,0.008881823,0.007273212,0.005640801,0.004015108,0.002396176,0.000768881,-0.000866778,-0.00257166,-0.004284906,-0.006021996,-0.007737154,-0.009384736,-0.01116328,-0.01292007,-0.01468567,-0.01641457,-0.01815218,-0.01989833,-0.02165324,-0.02341688,-0.02517397,-0.02698582,-0.02879148,-0.03062152,-0.03244546,-0.03426317,-0.03607465,-0.03792563,-0.03978559,-0.04165454,-0.0435173,-0.0454043,-0.04726972,-0.0491593,-0.05105746,-0.05291834,-0.05481824,-0.05674193,-0.05865918,-0.06063109,-0.0625966,-0.06460139,-0.0666152,-0.06863804,-0.07067009,-0.07271143,-0.07471633,-0.07674569,-0.07878422,-0.08083172,-0.08285778,-0.0849386,-0.08698263,-0.08906607,-0.09112798,-0.09322934,-0.09533973,-0.0974591,-0.09957229,-0.1017098,-0.1038565,-0.1060428,-0.1082078,-0.1103513,-0.1125344,-0.114696,-0.1169123,-0.1191224,-0.1213263,-0.12357,-0.1258228,-0.1281002,-0.1303563,-0.1326065,-0.1349118,-0.1372571,-0.1395815,-0.1419461,-0.1442899,-0.1466281,-0.148991,-0.1513481,-0.1536994,-0.1561211,-0.1584604,-0.1608243,-0.1632739,-0.1656868,-0.1680324,-0.1704329,-0.1728422,-0.1752147,-0.1777029,-0.1800779,-0.1825229,-0.1849767,-0.1874547,-0.1899416,-0.1924069,-0.1949268,-0.1974099,-0.1999171,-0.202479,-0.2050195,-0.2076304,-0.2101743,-0.2127275,-0.2153201,-0.2178148,-0.2204253,-0.2230601,-0.2256733,-0.2283112,-0.2309583,-0.233584,-0.236188,-0.2388009,-0.2414991,-0.2441145,-0.2468152,-0.2494637,-0.2521211,-0.2548027,-0.257539,-0.2602994
KMR,Ashodhit,EtOAC,EABD2,0.188697,0.1885846,0.1885527,0.1884793,0.1883798,0.1882539,0.1881625,0.1881059,0.1880234,0.1879455,0.1878723,0.1877734,0.1877558,0.1876971,0.187628,0.1875027,0.1873822,0.187251,0.1870788,0.1868197,0.1865801,0.1863754,0.186129,0.1858715,0.1856027,0.1852923,0.1850316,0.1847294,0.1844312,0.1840914,0.1837557,0.1834241,0.1830508,0.1826668,0.1822567,0.1818208,0.1813897,0.180994,0.1805877,0.1802162,0.1797574,0.179318,0.1788828,0.1784212,0.1779487,0.1774195,0.1768642,0.1762362,0.1756115,0.1749902,0.174372,0.1737109,0.1730375,0.1723824,0.1717761,0.1711274,0.1704819,0.1697789,0.1690792,0.1684134,0.1676745,0.166939,0.1662068,0.1654935,0.1647991,0.1640476,0.1633458,0.1625718,0.1618015,0.1610047,0.1602271,0.1594533,0.1586223,0.1577799,0.1569105,0.1559989,0.1551365,0.1542317,0.153315,0.1523866,0.1514461,0.1504326,0.1494835,0.1485378,0.1475342,0.1465035,0.1455068,0.1444983,0.143478,0.1424615,0.1414642,0.140425,0.1394052,0.1383741,0.1372861,0.1362174,0.1351375,0.134031,0.1329591,0.131815,0.1307054,0.1295539,0.1283757,0.1271554,0.1259231,0.124679,0.1234384,0.1221864,0.1209998,0.1197869,0.1185479,0.1172673,0.1159603,0.1147032,0.1134042,0.1120481,0.1106655,0.1093328,0.1079888,0.106603,0.1052213,0.1038742,0.1025159,0.1011463,0.09979606,0.09849565,0.09712302,0.09570868,0.09431366,0.09290745,0.09149005,0.0900462,0.08857589,0.08706387,0.08554066,0.08397601,0.08237013,0.0807841,0.07921798,0.07761063,0.07600783,0.07439433,0.07278529,0.07118071,0.06950439,0.06784793,0.06621146,0.06461049,0.0629994,0.06137813,0.05971621,0.05802877,0.0563308,0.05463742,0.05293325,0.05120289,0.04952265,0.04780095,0.0460988,0.04433991,0.04253956,0.04077407,0.03896717,0.03714953,0.0352601,0.03339052,0.03147972,0.02961929,0.02770229,0.02575933,0.02386656,0.02196304,0.01997239,0.01803202,0.01605043,0.0141189,0.01211541,0.0101163,0.008075955,0.006070641,0.004085358,0.002089634,3.77E-05,-0.002039992,-0.004128428,-0.006212489,-0.008277181,-0.01041432,-0.01253241,-0.0146772,-0.01675708,-0.01883289,-0.02095041,-0.02306387,-0.025158,-0.0273091,-0.02948665,-0.03170591,-0.03392111,-0.03617801,-0.03840034,-0.04064911,-0.04292434,-0.0451955,-0.0475239,-0.04983346,-0.05215474,-0.05450305,-0.05684778,-0.05920419,-0.06157228,-0.06395196,-0.06632797,-0.06873092,-0.07117611,-0.0736179,-0.07610233,-0.07862953,-0.08113843,-0.08362906,-0.08614707,-0.08864642,-0.09114223,-0.0936649,-0.09616851,-0.09869883,-0.1012559,-0.1038091,-0.1063737,-0.1089345,-0.1115373,-0.1141516,-0.1167775,-0.1194456,-0.1220643,-0.1247558,-0.1274132,-0.1301128,-0.1327935,-0.135501,-0.1382049,-0.1409508,-0.1436779,-0.1464471,-0.1492281,-0.1520056,-0.154841,-0.1576883,-0.1605477,-0.1633735,-0.1662419,-0.1691531,-0.172061,-0.1749505,-0.1778367,-0.1807194,-0.1836288,-0.1864886,-0.1894207,-0.1923032,-0.1952124,-0.1981179,-0.2010351,-0.2039486,-0.2069043,-0.2098559,-0.2128035,-0.2157465,-0.2187003,-0.2217107,-0.2247318,-0.2277486,-0.2307458,-0.2337542,-0.2368349,-0.2398657,-0.2429535,-0.2460524,-0.2491168,-0.2523144,-0.255447,-0.258667,-0.2618219,-0.2649575,-0.2681806,-0.2713691,-0.2746146,-0.277917,-0.2812459,-0.284525,-0.287739,-0.2910556,-0.2943988,-0.2976616,-0.3010729,-0.3043581,-0.3077155,-0.3111299,-0.3144791,-0.3179617
Kupilu,Ashodhit,EtOAC,EAKBD2,0.1574221,0.1571379,0.1569357,0.1567085,0.1564261,0.1561806,0.1559262,0.1556938,0.1554682,0.1552499,0.1550542,0.1548664,0.1547173,0.1545004,0.1543377,0.1540919,0.1538389,0.1536244,0.153341,0.1529731,0.1526581,0.152365,0.1520327,0.1516917,0.1513268,0.1509226,0.1505861,0.1502411,0.1498572,0.1494957,0.1490954,0.1486563,0.1482243,0.1478301,0.1473821,0.1469413,0.1464469,0.1459903,0.145495,0.1450827,0.1446012,0.1441265,0.1436128,0.1430906,0.1426211,0.1420665,0.1414728,0.1408856,0.1402589,0.1396843,0.1390701,0.1384313,0.1377525,0.1371255,0.1365501,0.1359193,0.1352793,0.1346452,0.1339709,0.1332716,0.1325932,0.1318594,0.1311771,0.1305009,0.1298007,0.1291073,0.1284209,0.1276959,0.1269781,0.1262981,0.1255644,0.1248532,0.1241033,0.1232994,0.1225021,0.1216655,0.1208655,0.1200258,0.1192224,0.1183789,0.1175103,0.1166012,0.1156974,0.1148142,0.113906,0.1129882,0.1120912,0.1111693,0.1102681,0.1093572,0.1084366,0.1075219,0.1065977,0.1056796,0.1046761,0.1037249,0.1027649,0.1017507,0.1007891,0.09969692,0.09868768,0.09766971,0.0965968,0.09543856,0.09436283,0.09329324,0.09216884,0.09103584,0.09000137,0.08894331,0.08783133,0.08672636,0.08558255,0.08446079,0.08334584,0.08219177,0.08098346,0.07981243,0.0786481,0.07746002,0.07627886,0.07513515,0.07395237,0.07276109,0.07160717,0.07047525,0.06927389,0.06807968,0.06689276,0.06569781,0.06446446,0.06322319,0.06197376,0.06067027,0.05937357,0.05802251,0.05669337,0.0553709,0.05403983,0.052685,0.05130641,0.04994983,0.0485847,0.04721106,0.0458444,0.04446981,0.04313337,0.04177467,0.04045502,0.03911341,0.03776507,0.03639442,0.03495538,0.03356976,0.03217638,0.03077517,0.0293968,0.02799565,0.02663269,0.02521616,0.02377675,0.02237528,0.0209047,0.01942598,0.01790863,0.01636756,0.01481803,0.01322939,0.01166277,0.01008777,0.008550213,0.006973815,0.005343445,0.003750523,0.002118711,0.000509044,-0.001154639,-0.002811436,-0.004491687,-0.006149615,-0.00780026,-0.009443665,-0.01115577,-0.01284506,-0.01454207,-0.01624692,-0.01795974,-0.01969601,-0.02144062,-0.02317829,-0.02487856,-0.02660211,-0.02828789,-0.03001213,-0.03172891,-0.03345348,-0.03521668,-0.03700351,-0.03881419,-0.04061851,-0.0424317,-0.04423866,-0.04606974,-0.04794015,-0.04980403,-0.05166155,-0.05354293,-0.05540251,-0.05733195,-0.05925476,-0.06114048,-0.06306531,-0.064953,-0.06691032,-0.06890685,-0.07089697,-0.07292682,-0.07498096,-0.07701323,-0.07900845,-0.08102751,-0.0830397,-0.08505994,-0.08705791,-0.08906385,-0.09106224,-0.0930989,-0.09514341,-0.09714962,-0.09911768,-0.1012008,-0.103232,-0.1053183,-0.1073991,-0.1094896,-0.1116052,-0.1137612,-0.1158967,-0.1180727,-0.1202129,-0.1223784,-0.1245845,-0.1268007,-0.1289963,-0.1312022,-0.1334641,-0.1357515,-0.1380189,-0.1403119,-0.1425695,-0.1448987,-0.1472386,-0.1496501,-0.1519809,-0.154307,-0.1566742,-0.1590059,-0.1614088,-0.1637455,-0.1660769,-0.1684488,-0.170861,-0.1732525,-0.175608,-0.1780191,-0.1804399,-0.182855,-0.1852491,-0.187622,-0.1900195,-0.1925024,-0.1949032,-0.1974202,-0.1998706,-0.2023456,-0.2048457,-0.207386,-0.2099206,-0.2124039,-0.2149732,-0.2175065,-0.2201104,-0.2226631,-0.225241,-0.2278897,-0.2304721,-0.2331256,-0.23582,-0.23854,-0.2411939,-0.2438123,-0.2465173,-0.2492933,-0.2519727,-0.2547083,-0.2574541,-0.2601795,-0.2629456,-0.265722,-0.2685078
KMR,Shodhit,EtOAC,ES1BD2,0.1350524,0.1351044,0.1352239,0.1353193,0.1353752,0.1354224,0.1355371,0.1356745,0.1357582,0.135834,0.1359327,0.1360238,0.1361533,0.1362603,0.136375,0.1363907,0.1364293,0.1365667,0.1364976,0.1364053,0.1363352,0.1362717,0.1362302,0.1361187,0.1360595,0.1359151,0.135823,0.1357374,0.1356433,0.1355255,0.1353992,0.1352339,0.1351213,0.1349245,0.1346742,0.134386,0.1341511,0.133939,0.1336884,0.1335819,0.133314,0.1331138,0.132905,0.1326266,0.1323551,0.1320904,0.1317862,0.1314272,0.1310742,0.1307274,0.1304014,0.1300198,0.129659,0.1293037,0.1289542,0.1285952,0.1282423,0.1278803,0.1275396,0.1270981,0.1266777,0.126248,0.1258243,0.1254524,0.1250411,0.1246209,0.1242681,0.1238608,0.1233988,0.1229279,0.1224787,0.1220207,0.1215538,0.1210018,0.1203952,0.1198406,0.1192914,0.1186714,0.1180721,0.1174171,0.1167671,0.1160763,0.115375,0.1146941,0.1140487,0.1133476,0.1126825,0.112023,0.1113234,0.1106296,0.1099725,0.1093521,0.1086465,0.1080389,0.1073003,0.1065682,0.1057965,0.1050614,0.1043475,0.1035788,0.102816,0.1019676,0.1011399,0.1002412,0.09933225,0.09847431,0.09762159,0.096744,0.09594877,0.0951293,0.0943008,0.0933869,0.09243332,0.09157717,0.09063513,0.08968344,0.08870694,0.08773606,0.08680135,0.08582683,0.08493466,0.08404846,0.08315275,0.08221679,0.08127083,0.08040642,0.07956249,0.07861767,0.07764875,0.07667098,0.07568436,0.07464311,0.07360827,0.07254933,0.07145102,0.07037438,0.0692889,0.06813352,0.0669693,0.0658115,0.0646601,0.06353037,0.06239179,0.06125962,0.06010331,0.05887684,0.05776311,0.0566549,0.05555169,0.05448386,0.05339042,0.05227132,0.0510961,0.04995625,0.04882114,0.04769062,0.04656457,0.04538177,0.04423386,0.04310559,0.04189014,0.04071011,0.03947573,0.03815669,0.03686007,0.03552497,0.03419721,0.03284632,0.03147224,0.03010538,0.02873037,0.02734713,0.02597093,0.02452568,0.02307264,0.0216119,0.0201283,0.01860666,0.01709267,0.01561679,0.01410288,0.01261206,0.0110529,0.009440791,0.007913027,0.006378006,0.0048509,0.003301102,0.001713221,0.000148468,-0.001347467,-0.002911783,-0.00440706,-0.005909417,-0.007403284,-0.008980304,-0.01054972,-0.01212745,-0.01372885,-0.01532379,-0.0169274,-0.0185093,-0.02010005,-0.02173017,-0.02339965,-0.02504746,-0.02670412,-0.02832385,-0.02999789,-0.03174121,-0.03347735,-0.03520656,-0.03694413,-0.03872071,-0.04055152,-0.04243629,-0.04434401,-0.04619752,-0.04801157,-0.0497864,-0.05167472,-0.05353911,-0.05542549,-0.05725778,-0.05909658,-0.06089606,-0.0627935,-0.06465185,-0.06647107,-0.06829678,-0.07019079,-0.07213964,-0.07406731,-0.07600458,-0.07796684,-0.07995414,-0.08196652,-0.08395816,-0.08592892,-0.08789399,-0.08989903,-0.0919288,-0.09396827,-0.09606341,-0.0981533,-0.100238,-0.1023482,-0.1044684,-0.1065834,-0.1087086,-0.1108899,-0.1130815,-0.1152989,-0.1175115,-0.1196736,-0.1218918,-0.124105,-0.1263435,-0.1285616,-0.1307284,-0.1329201,-0.1351519,-0.1373932,-0.139629,-0.1419508,-0.1441447,-0.1463939,-0.1486217,-0.1508738,-0.1531044,-0.1553896,-0.1576379,-0.159895,-0.1621305,-0.1644358,-0.1667348,-0.1691189,-0.1714664,-0.1738233,-0.1762356,-0.1786268,-0.1809815,-0.1833607,-0.185703,-0.1881002,-0.1905522,-0.1929832,-0.1955309,-0.1980424,-0.200426,-0.202865,-0.2053897,-0.2079235,-0.2103599,-0.2128971,-0.2153519,-0.2178768,-0.2203954,-0.2228926,-0.2255209
KMR,Shodhit,EtOAC,ES2BD2,0.1478568,0.1478558,0.1478749,0.1478987,0.1479121,0.1479005,0.1479405,0.1480018,0.148039,0.1480518,0.148071,0.1480969,0.1481905,0.14823,0.1482762,0.1483139,0.148297,0.1483168,0.1483276,0.1482073,0.1480931,0.148046,0.1479135,0.1477565,0.1475905,0.1474454,0.1473519,0.1472489,0.1470907,0.146923,0.1467609,0.1465585,0.146377,0.1461555,0.1458941,0.145654,0.145359,0.1451004,0.1447868,0.1445856,0.1442679,0.1440014,0.1437561,0.1434706,0.1431453,0.1427954,0.1424364,0.1420222,0.1415831,0.1411803,0.1407983,0.1403602,0.139927,0.139514,0.1390907,0.1386878,0.1383056,0.1378676,0.1373584,0.1368542,0.1363395,0.1358295,0.135355,0.1348244,0.1342836,0.1337787,0.1333251,0.1328159,0.1322514,0.1317384,0.1312159,0.1306539,0.1300826,0.1294712,0.1287887,0.1280962,0.1274545,0.1268025,0.1261403,0.1254679,0.1247546,0.1240001,0.1232502,0.1225202,0.1218102,0.1210594,0.1203596,0.1196192,0.1188536,0.1180933,0.1173384,0.1165734,0.1157681,0.1149833,0.1141426,0.1133071,0.1124769,0.1116827,0.1108786,0.1100038,0.1091652,0.1082861,0.1073663,0.1064056,0.105419,0.1044368,0.1034592,0.1024709,0.1015488,0.1006473,0.0997055,0.09870811,0.09767031,0.09666826,0.09567114,0.09457168,0.09336989,0.09227948,0.0912545,0.09014267,0.08909715,0.08804192,0.08699231,0.08594843,0.08487974,0.08386255,0.08277479,0.08163171,0.08054013,0.07945426,0.07832834,0.0771471,0.07603262,0.0748323,0.07362245,0.07240305,0.07115886,0.06992038,0.06864185,0.06736895,0.06610119,0.06482341,0.06356625,0.06228394,0.06096108,0.05959781,0.05831634,0.05705567,0.05573937,0.054398,0.05309266,0.05177742,0.05045215,0.04913216,0.04778764,0.04641849,0.0451161,0.04378892,0.04251322,0.0411517,0.03978063,0.03840002,0.03699462,0.03561019,0.03420097,0.03270591,0.03123183,0.02976347,0.02823979,0.02670658,0.0252096,0.02367256,0.02211073,0.02056987,0.01898895,0.01741376,0.01575273,0.014098,0.01243465,0.01082369,0.009219368,0.00757601,0.005817363,0.004111096,0.002426825,0.000734164,-0.000921067,-0.002645634,-0.004363243,-0.006058901,-0.007702312,-0.009400464,-0.01110776,-0.01280907,-0.01447387,-0.01622429,-0.0179992,-0.01978338,-0.02156153,-0.02336413,-0.02514544,-0.02695151,-0.02878237,-0.03059226,-0.03248797,-0.0343322,-0.03620122,-0.03806377,-0.03993493,-0.04179909,-0.04364112,-0.04550676,-0.04742678,-0.04932494,-0.0513084,-0.05328553,-0.05528692,-0.05732753,-0.05934601,-0.06131176,-0.06333132,-0.06537399,-0.06740927,-0.06940756,-0.0713992,-0.07338415,-0.07540809,-0.0774253,-0.07943564,-0.08146941,-0.08354243,-0.0855943,-0.08767098,-0.0897877,-0.09186819,-0.09395823,-0.09608831,-0.0982432,-0.1003618,-0.1024748,-0.1046278,-0.1068056,-0.1089776,-0.1111745,-0.1134114,-0.1156579,-0.1179144,-0.1201967,-0.1225505,-0.1248232,-0.1271369,-0.1294766,-0.1318266,-0.1341719,-0.1365432,-0.1389557,-0.1413638,-0.1437826,-0.1461815,-0.1485143,-0.150903,-0.1533017,-0.1557101,-0.1581131,-0.1604954,-0.162918,-0.1653962,-0.1678384,-0.1703059,-0.1727526,-0.175209,-0.1776443,-0.1801045,-0.1825742,-0.1850839,-0.1876337,-0.1902396,-0.1928865,-0.1954679,-0.1981515,-0.2007085,-0.2033829,-0.2059913,-0.2086098,-0.2112233,-0.213862,-0.2165567,-0.2192465,-0.222008,-0.2247191,-0.2274562,-0.2302193,-0.2329777,-0.2357163,-0.2385111,-0.2412555,-0.244102,-0.2468982,-0.2497358,-0.25266
KMR,Shodhit,EtOAC,ES3BD2,0.1502733,0.1501424,0.1500475,0.1499274,0.1497822,0.1496426,0.1495238,0.1493956,0.1492739,0.1491895,0.149051,0.1489503,0.1489334,0.148817,0.1487385,0.1485911,0.1484049,0.1482868,0.1481147,0.1478733,0.1476541,0.1474111,0.1471902,0.1469605,0.1467374,0.1464599,0.1462194,0.1459549,0.145743,0.1454616,0.1451717,0.1448122,0.1444899,0.1441894,0.143804,0.1434254,0.1430384,0.1426888,0.1423156,0.1420103,0.1416509,0.1412828,0.1409214,0.140521,0.1401427,0.1397104,0.1392695,0.1387436,0.1382391,0.1377256,0.1372335,0.136717,0.1361912,0.1356715,0.1352037,0.1347117,0.1341957,0.1337015,0.133168,0.1325949,0.1320128,0.1314369,0.1308979,0.1303347,0.1297628,0.1291822,0.1286387,0.128056,0.1274342,0.1268189,0.1262102,0.1255775,0.1249362,0.124271,0.123597,0.1228839,0.1221925,0.1214615,0.1207213,0.1200023,0.1191975,0.1183985,0.1176206,0.1168331,0.1160516,0.1152456,0.1144762,0.1136672,0.1128339,0.1120068,0.1112013,0.1104176,0.1095946,0.1087783,0.1079075,0.1070585,0.1062161,0.1053037,0.1043976,0.1034673,0.1025736,0.1016402,0.1006671,0.09968455,0.09866199,0.09767556,0.09664896,0.09562819,0.0946746,0.09371207,0.09274077,0.09173018,0.09066497,0.08963659,0.08859914,0.08753717,0.08642022,0.08532459,0.08425013,0.08312059,0.08202772,0.08092595,0.07986092,0.07877147,0.07771854,0.07667189,0.07555553,0.07443049,0.07331203,0.07220015,0.0710796,0.06991985,0.06875143,0.06754381,0.06634277,0.06508728,0.06382311,0.06258079,0.06132979,0.06005485,0.05877123,0.05750946,0.05623901,0.05494471,0.05364191,0.05233079,0.05101153,0.04974551,0.04842596,0.04709866,0.04580944,0.04446665,0.04308533,0.04174172,0.04038997,0.03902986,0.03772237,0.03637581,0.03503588,0.03367202,0.03228422,0.03091826,0.02951311,0.02809928,0.02664626,0.02513878,0.02366841,0.02217409,0.02068636,0.01915944,0.01768487,0.01615585,0.0146029,0.01307179,0.01150148,0.009968357,0.008381403,0.006801695,0.005183721,0.003603687,0.002031297,0.000420907,-0.001212092,-0.002852441,-0.004515266,-0.006200788,-0.007848061,-0.009518252,-0.01121145,-0.0128821,-0.01453033,-0.01617132,-0.01782005,-0.0194768,-0.02112657,-0.02280028,-0.02451317,-0.02623475,-0.02799552,-0.02976497,-0.03151257,-0.03329937,-0.03507959,-0.03685322,-0.03868131,-0.0404723,-0.04227197,-0.04408031,-0.04589733,-0.04773828,-0.0495574,-0.05140045,-0.05325226,-0.05514345,-0.05705892,-0.0589836,-0.06093311,-0.06295325,-0.0649067,-0.06686981,-0.06885773,-0.07082448,-0.07281578,-0.07480103,-0.07678001,-0.07873741,-0.08073414,-0.08272433,-0.08472267,-0.08668316,-0.08868249,-0.09072079,-0.0927525,-0.0947929,-0.09681145,-0.0988692,-0.1009356,-0.103026,-0.1051098,-0.107187,-0.1093033,-0.1114132,-0.1135622,-0.1156893,-0.1179015,-0.1200925,-0.1223081,-0.1245181,-0.1267833,-0.1290125,-0.1313279,-0.133638,-0.1359428,-0.1382578,-0.1405827,-0.1428717,-0.1452009,-0.1475091,-0.149842,-0.1521384,-0.1544286,-0.1567585,-0.1591124,-0.1613682,-0.1637091,-0.1660128,-0.1683099,-0.1706157,-0.1728845,-0.1751924,-0.1774937,-0.1797884,-0.1821529,-0.1844345,-0.1868163,-0.189161,-0.1915754,-0.1939985,-0.1963845,-0.1988097,-0.2012436,-0.2037472,-0.2062442,-0.2087193,-0.2112031,-0.2137262,-0.2162884,-0.2188593,-0.2214847,-0.2241034,-0.2267004,-0.229367,-0.2321186,-0.2347568,-0.2374343,-0.2400898,-0.2427541,-0.2454428,-0.2480494,-0.2507566
Kupilu,Shodhit,EtOAC,ESKBD2,0.1719056,0.1715538,0.1712076,0.1708973,0.1705316,0.1702021,0.1698787,0.1695612,0.1691891,0.168854,0.1686019,0.1682503,0.1680591,0.1677386,0.167457,0.167199,0.1668572,0.1665076,0.1661345,0.1656917,0.165271,0.1649026,0.1644797,0.1640941,0.1636846,0.1632511,0.1628394,0.1623885,0.1619441,0.161552,0.1610898,0.1605576,0.1600315,0.1595422,0.1589981,0.1584142,0.1577599,0.1572031,0.1566219,0.1561078,0.1555084,0.1549306,0.1543436,0.1536405,0.1530194,0.1523583,0.1516266,0.1509313,0.1501497,0.1494039,0.1486631,0.1478657,0.1470423,0.1462846,0.1455463,0.1447511,0.14396,0.1431731,0.1423901,0.1415499,0.1406527,0.1397289,0.1389008,0.1380465,0.1372278,0.1363998,0.1355933,0.1347934,0.1338933,0.133076,0.1321884,0.131291,0.1303838,0.1294817,0.1285086,0.1275868,0.1266551,0.1256676,0.12467,0.1237228,0.1227188,0.1216273,0.1205704,0.1194871,0.1184387,0.1174104,0.1163566,0.1153078,0.114233,0.1131322,0.1120359,0.110944,0.109857,0.1088059,0.1076692,0.1065694,0.1054457,0.1043138,0.1032655,0.1021026,0.1009929,0.0998143,0.09864276,0.09741726,0.09618345,0.0950024,0.09382821,0.09255414,0.09133284,0.09010323,0.08889581,0.08767999,0.08637942,0.08514662,0.0838744,0.08254716,0.08117998,0.07984921,0.07860065,0.07731246,0.07599998,0.07469388,0.07337879,0.07211581,0.07090492,0.06966998,0.06838072,0.06706775,0.06577662,0.06447675,0.06313728,0.06177335,0.0604001,0.05900198,0.05753301,0.05606961,0.05456587,0.05306739,0.0516204,0.05017932,0.04874449,0.04733132,0.04586362,0.04435638,0.04282503,0.04130014,0.03984309,0.03834783,0.03689154,0.03545943,0.03399088,0.03248584,0.03094377,0.02939477,0.02785367,0.02628958,0.0247787,0.02324525,0.0217961,0.02024797,0.01867711,0.01711398,0.01549694,0.01382554,0.01212981,0.0103787,0.008632818,0.006891442,0.005123439,0.0033285,0.001521485,-0.000267487,-0.002099405,-0.003959012,-0.005800442,-0.007639087,-0.009505421,-0.0113841,-0.01327502,-0.01514769,-0.01704773,-0.01892862,-0.02081982,-0.02273636,-0.0246169,-0.02655282,-0.02840661,-0.0303305,-0.03227862,-0.03422012,-0.03612433,-0.03800621,-0.03991113,-0.0417924,-0.04364955,-0.04557399,-0.04753526,-0.04948769,-0.05137091,-0.05329172,-0.05517383,-0.05713949,-0.05914266,-0.06109147,-0.06304723,-0.0651014,-0.06713151,-0.06910761,-0.07116718,-0.07315744,-0.07521609,-0.07726712,-0.07932572,-0.08137707,-0.08351307,-0.08562709,-0.08782648,-0.09009632,-0.09236055,-0.09461982,-0.09693544,-0.09918499,-0.1013836,-0.1036226,-0.1058555,-0.1080516,-0.1102722,-0.1125627,-0.114831,-0.1170162,-0.1192565,-0.121553,-0.1238607,-0.1261338,-0.1283415,-0.1305905,-0.1328649,-0.135027,-0.1371831,-0.139333,-0.1414762,-0.1436892,-0.1459414,-0.148126,-0.1503193,-0.1524297,-0.1545792,-0.1568594,-0.1591787,-0.1614456,-0.1638744,-0.1663133,-0.1687168,-0.1711157,-0.173525,-0.1759908,-0.1785286,-0.1810927,-0.1835918,-0.1861022,-0.1886546,-0.1912948,-0.1939472,-0.1967036,-0.1994118,-0.2021328,-0.2048206,-0.2074747,-0.2100948,-0.2127877,-0.2155379,-0.2182391,-0.2210745,-0.2238614,-0.2266607,-0.2295339,-0.2323738,-0.2351496,-0.2379531,-0.2408449,-0.2436417,-0.2464807,-0.2493009,-0.2521172,-0.2549601,-0.2578603,-0.2607414,-0.2636647,-0.2665382,-0.2693617,-0.2722269,-0.275164,-0.2781121,-0.2810256,-0.2840112,-0.2868859,-0.2898634,-0.2929746,-0.2960058,-0.2990629
